"","V1","V2","V3","V4","V5","V6","V7","V8","V9","V10"
"94202",-612.862765382765,-75.9811624276433,16.4150733235948,-62.9720297611573,8.55916763025188,-2.78493439800909,-36.5757761496327,-13.7308069905412,-31.2989943934123,12.9477241227449
"96224",-611.879379563458,-96.1609947677929,10.6894531701342,-41.458193417948,25.2773114514435,-28.2720080586157,-28.2841133142438,12.0295850622269,-12.9563941550231,-25.1746503574483
"CHE_10001",-611.879379563465,-96.1609947677785,10.6894531701225,-41.4581934179209,25.2773114514562,-28.2720080586154,-28.2841133142228,12.0295850622179,-12.9563941550113,-25.174650357547
"CHE_7004",-611.879379563465,-96.1609947677821,10.6894531701186,-41.4581934179229,25.277311451459,-28.272008058616,-28.2841133142214,12.0295850622298,-12.9563941550136,-25.1746503575608
"CHE_96229",-612.862765382764,-75.9811624276438,16.4150733235947,-62.9720297611573,8.55916763025098,-2.78493439801434,-36.5757761496348,-13.7308069905541,-31.2989943934174,12.9477241227536
"CHE_96249",-534.912594327064,-115.789667784267,43.0085235594284,-27.8107295047789,34.4694523712356,-30.3355453065993,-53.5246162378549,25.0039365135615,-35.9377146566542,37.9676589623671
"CHE_97223",-573.579437267416,-95.708182618921,29.2522500402036,-46.2535358171413,20.9635362178299,-21.4305249724373,-45.6290415030214,7.4513678980435,-32.0799446762435,23.0547747686682
"CHE_97266",-573.579437267416,-95.708182618921,29.2522500402039,-46.2535358171419,20.9635362178297,-21.4305249724404,-45.6290415030206,7.45136789804525,-32.0799446762406,23.054774768663
"CHE_98013",-534.912594327064,-115.789667784267,43.0085235594269,-27.810729504779,34.4694523712336,-30.3355453065981,-53.5246162378544,25.0039365135433,-35.9377146566652,37.9676589623587
"CHE_98230",-573.579437267416,-95.708182618921,29.2522500402029,-46.253535817142,20.9635362178319,-21.4305249724353,-45.6290415030199,7.45136789804557,-32.0799446762321,23.0547747686713
"CHE_98250",-573.579437267416,-95.708182618921,29.2522500402028,-46.2535358171421,20.9635362178313,-21.4305249724364,-45.6290415030188,7.45136789804735,-32.0799446762367,23.0547747686632
"CHNY072301",-534.912594327064,-115.789667784267,43.0085235594269,-27.810729504779,34.4694523712368,-30.3355453065993,-53.5246162378578,25.003936513554,-35.9377146566615,37.9676589623709
"CHST042201",-573.579437267416,-95.708182618921,29.2522500402028,-46.2535358171421,20.9635362178314,-21.4305249724363,-45.6290415030188,7.45136789804412,-32.0799446762348,23.0547747686629
"CHTG062201",-612.862765382764,-75.9811624276438,16.4150733235952,-62.9720297611575,8.55916763025104,-2.78493439801,-36.5757761496318,-13.7308069905475,-31.2989943934124,12.9477241227431
"CHVD042201",-534.912594327064,-115.789667784267,43.0085235594269,-27.8107295047791,34.4694523712368,-30.3355453065979,-53.5246162378579,25.0039365135521,-35.9377146566594,37.9676589623646
"CHZR022201",-611.879379563465,-96.160994767783,10.6894531701204,-41.4581934179238,25.2773114514554,-28.2720080586159,-28.2841133142221,12.0295850622275,-12.9563941550147,-25.1746503575394
"CHZR042202",-611.879379563465,-96.160994767783,10.6894531701204,-41.4581934179238,25.2773114514554,-28.2720080586161,-28.2841133142215,12.0295850622246,-12.956394155016,-25.1746503575523
"CHZR042301",-611.879379563465,-96.160994767783,10.6894531701205,-41.4581934179238,25.2773114514554,-28.2720080586161,-28.2841133142214,12.0295850622243,-12.9563941550142,-25.1746503575458
"CHZR042302",-611.879379563465,-96.1609947677829,10.6894531701204,-41.4581934179238,25.2773114514554,-28.2720080586161,-28.2841133142214,12.0295850622247,-12.9563941550145,-25.174650357545
"CHZR052205",-611.879379563465,-96.160994767783,10.6894531701204,-41.4581934179238,25.2773114514555,-28.272008058616,-28.2841133142214,12.0295850622247,-12.9563941550148,-25.1746503575459
"CHZR062208",-611.879379563465,-96.1609947677829,10.6894531701204,-41.4581934179238,25.2773114514555,-28.272008058616,-28.2841133142215,12.0295850622248,-12.9563941550158,-25.1746503575499
"CZKA042201",-766.770699087359,-50.880135052357,-31.1674025104019,-98.2478997399919,-69.8907512299821,10.3996979128655,0.0313489613314295,-4.02428157367948,-3.30007182191425,25.4972096075349
"CZKA042204",-766.770699087359,-50.880135052357,-31.1674025104019,-98.247899739992,-69.8907512299821,10.3996979128654,0.0313489613313836,-4.02428157367949,-3.30007182191489,25.4972096075315
"CZKA042205",-766.770699087359,-50.8801350523571,-31.1674025104019,-98.247899739992,-69.8907512299821,10.3996979128654,0.0313489613314697,-4.02428157367942,-3.30007182191465,25.4972096075315
"CZKA052301",-766.770699087359,-50.8801350523571,-31.1674025104019,-98.247899739992,-69.8907512299821,10.3996979128655,0.0313489613314374,-4.02428157367935,-3.30007182191444,25.4972096075332
"CZKA052302",-766.770699087359,-50.8801350523571,-31.1674025104019,-98.2478997399919,-69.8907512299822,10.3996979128653,0.0313489613314042,-4.02428157367925,-3.30007182191464,25.4972096075327
"CZPR052201",-797.000324909985,-91.0406828425499,-61.2680564167404,-53.2141099167482,-28.9531586944992,6.7360027939973,22.054608900613,1.92851433594603,18.7282381554727,-12.8085609697278
"CZPR052202",-797.000324909985,-91.0406828425499,-61.2680564167404,-53.2141099167481,-28.9531586944993,6.73600279399734,22.0546089006133,1.9285143359459,18.7282381554728,-12.8085609697273
"CZPR052203",-797.000324909985,-91.0406828425499,-61.2680564167405,-53.2141099167481,-28.9531586944993,6.73600279399732,22.0546089006133,1.92851433594598,18.7282381554727,-12.8085609697273
"CZPR052204",-798.123478903579,-81.9058645093501,-58.5656171799586,-75.6024440412628,-59.6062835900652,3.86596229580304,17.5808632792553,-10.8777505181431,-7.49655286616319,31.0660226358252
"CZPR052205",-798.123478903579,-81.9058645093501,-58.5656171799586,-75.6024440412628,-59.6062835900651,3.86596229580319,17.5808632792552,-10.8777505181431,-7.49655286616307,31.066022635825
"CZUH042202",-732.955425444069,-31.6495148883719,-8.74580013723139,-98.1615487929163,-50.1306085151398,19.9114572746081,-7.32322300253699,7.19104462083884,25.338757941485,-19.9838780423446
"CZUH042203",-732.955425444069,-31.6495148883719,-8.74580013723142,-98.1615487929163,-50.1306085151398,19.911457274608,-7.32322300253701,7.19104462083887,25.3387579414852,-19.9838780423446
"CZUH042204",-732.955425444069,-31.6495148883719,-8.7458001372314,-98.1615487929163,-50.1306085151398,19.911457274608,-7.323223002537,7.19104462083896,25.3387579414851,-19.9838780423445
"CZUH042205",-732.955425444069,-31.6495148883719,-8.74580013723136,-98.1615487929163,-50.1306085151397,19.911457274608,-7.32322300253696,7.19104462083897,25.3387579414851,-19.9838780423446
"CZUH042206",-732.955425444069,-31.6495148883719,-8.74580013723135,-98.1615487929163,-50.1306085151397,19.911457274608,-7.32322300253699,7.19104462083898,25.3387579414852,-19.9838780423445
"CZUH052301",-732.955425444069,-31.6495148883719,-8.74580013723135,-98.1615487929164,-50.1306085151396,19.911457274608,-7.3232230025369,7.19104462083901,25.3387579414851,-19.9838780423446
"CZUH052302",-732.955425444069,-31.6495148883719,-8.74580013723135,-98.1615487929163,-50.1306085151397,19.911457274608,-7.32322300253693,7.19104462083895,25.3387579414853,-19.9838780423445
"DEBD052307",-1007.93048324312,-172.828503965127,-113.833940541501,-12.8804968908092,-45.940004224014,-55.5660737859824,69.6206896439319,-32.2815567492291,114.107018273473,109.566126278171
"DEBD052318",-1007.93048324312,-172.828503965127,-113.833940541501,-12.8804968908092,-45.940004224014,-55.5660737859825,69.620689643932,-32.2815567492291,114.107018273473,109.566126278171
"DEBE032202",-1007.93048324312,-172.828503965127,-113.833940541501,-12.880496890809,-45.9400042240139,-55.5660737859825,69.6206896439319,-32.2815567492291,114.107018273473,109.566126278171
"DEBE032203",-1007.93048324312,-172.828503965127,-113.833940541501,-12.880496890809,-45.940004224014,-55.5660737859824,69.6206896439318,-32.2815567492291,114.107018273473,109.566126278171
"DEBE052301",-1007.93048324312,-172.828503965127,-113.833940541501,-12.880496890809,-45.940004224014,-55.5660737859826,69.620689643932,-32.281556749229,114.107018273472,109.566126278171
"DEBE052302",-1007.93048324312,-172.828503965127,-113.833940541501,-12.880496890809,-45.940004224014,-55.5660737859825,69.620689643932,-32.2815567492292,114.107018273472,109.566126278171
"DECO042201",-866.74001223676,-157.175944430679,-96.2584434960361,9.54012131682543,31.0985086740956,7.91838893694816,-12.8887829116367,-81.2907393555476,78.4753174495564,-18.6628009221019
"DECO042202",-866.74001223676,-157.175944430679,-96.258443496036,9.54012131682542,31.0985086740955,7.91838893694816,-12.8887829116366,-81.2907393555475,78.4753174495562,-18.662800922102
"DECO042203",-866.74001223676,-157.175944430679,-96.258443496036,9.54012131682541,31.0985086740956,7.91838893694818,-12.8887829116365,-81.2907393555477,78.4753174495562,-18.662800922102
"DECO042204",-866.74001223676,-157.175944430679,-96.258443496036,9.54012131682532,31.0985086740955,7.91838893694804,-12.888782911637,-81.2907393555473,78.4753174495562,-18.6628009221023
"DEDO072301",-908.974554646744,-159.483521157157,-99.0841805692806,2.86275247849059,22.6717398643953,-8.77835997231231,12.8631067721515,-71.4104011111091,115.943532136551,5.24172530042323
"DEDO072302",-908.974554646744,-159.483521157157,-99.0841805692807,2.86275247849058,22.6717398643952,-8.77835997231235,12.8631067721516,-71.4104011111091,115.943532136551,5.24172530042345
"DEGO062303",-905.467582070418,-153.195588004449,-102.601385936314,-16.2928329023544,-11.927680129156,-19.2824111176362,27.6486866368571,-67.8427381979883,76.0993368672566,54.750244255751
"DEHA062201",-1158.2438189154,-236.306391313981,-170.485318545525,74.1187319637507,27.0300092519536,-9.7075361897173,6.73474652271182,-95.4204520055274,131.287335767489,70.620371495278
"DEHI052201",-965.581367229112,-175.189803913816,-112.544160317246,8.41144999225538,16.0855936693692,-15.3972416021416,2.66460127539004,-107.218832614192,125.738144478779,55.64825910122
"DEHO062206",-686.077212083826,-87.4018530541282,-29.7728971974696,-54.6681274193325,0.318429720691969,13.7033312812486,-27.0148641906256,-31.6576007369207,-27.2978301954112,14.4504546191703
"DEHO062208",-686.077212083826,-87.4018530541282,-29.7728971974696,-54.6681274193326,0.318429720691965,13.7033312812486,-27.0148641906257,-31.6576007369207,-27.2978301954113,14.4504546191701
"DEHO062211",-686.077212083826,-87.4018530541282,-29.7728971974696,-54.6681274193326,0.31842972069198,13.7033312812485,-27.0148641906257,-31.6576007369205,-27.2978301954114,14.4504546191704
"DEHO062214",-686.077212083826,-87.4018530541282,-29.7728971974696,-54.6681274193326,0.318429720691958,13.7033312812485,-27.0148641906258,-31.6576007369204,-27.2978301954115,14.4504546191704
"DEHO062215",-686.077212083826,-87.4018530541282,-29.7728971974696,-54.6681274193326,0.31842972069199,13.7033312812485,-27.014864190626,-31.6576007369202,-27.2978301954116,14.4504546191704
"DEHO062232",-686.077212083826,-87.4018530541282,-29.7728971974696,-54.6681274193326,0.318429720691986,13.7033312812487,-27.014864190626,-31.6576007369202,-27.2978301954114,14.4504546191704
"DEHO062233",-686.077212083826,-87.4018530541282,-29.7728971974696,-54.6681274193326,0.318429720691968,13.7033312812486,-27.0148641906259,-31.6576007369205,-27.2978301954118,14.4504546191707
"DEHO062240",-686.077212083826,-87.4018530541282,-29.7728971974696,-54.6681274193325,0.318429720691931,13.7033312812486,-27.0148641906259,-31.6576007369203,-27.2978301954116,14.4504546191709
"DEHO062314",-686.077212083826,-87.4018530541282,-29.7728971974696,-54.6681274193325,0.318429720691938,13.7033312812486,-27.0148641906259,-31.6576007369204,-27.2978301954117,14.4504546191707
"DEHO062320",-686.077212083826,-87.4018530541282,-29.7728971974696,-54.6681274193326,0.318429720691876,13.7033312812486,-27.0148641906259,-31.6576007369204,-27.2978301954117,14.4504546191707
"DELO042201",-723.516741710782,-94.7139693648418,-43.3417328988918,-39.3173981704823,4.31765925863821,12.1257386323079,-16.5854162955714,-16.7753856304988,-0.70452651139477,-25.444112525056
"DELO042203",-723.516741710782,-94.7139693648418,-43.3417328988919,-39.3173981704823,4.31765925863838,12.125738632308,-16.5854162955714,-16.7753856304986,-0.704526511394765,-25.4441125250559
"DELO042204",-723.516741710782,-94.7139693648418,-43.3417328988918,-39.3173981704824,4.31765925863824,12.1257386323079,-16.5854162955715,-16.7753856304986,-0.704526511394737,-25.4441125250559
"DELO042205",-723.516741710782,-94.7139693648418,-43.3417328988918,-39.3173981704823,4.31765925863817,12.1257386323079,-16.5854162955714,-16.7753856304986,-0.704526511394722,-25.4441125250558
"DELW052301",-868.471784563,-124.054214263585,-87.8240747375459,-29.7120179224012,-30.1719764143486,-7.10270484198452,48.7304407108879,1.01915814458879,35.2509701598129,-4.35229264203021
"DELW052304",-868.471784563,-124.054214263585,-87.8240747375459,-29.7120179224012,-30.1719764143487,-7.10270484198457,48.7304407108877,1.01915814458883,35.2509701598128,-4.3522926420303
"DELW052307",-868.471784563001,-124.054214263585,-87.8240747375459,-29.7120179224012,-30.1719764143485,-7.10270484198464,48.7304407108877,1.01915814458895,35.2509701598129,-4.35229264203038
"DKES062203",-1248.60486603372,-290.256124817487,-207.574264286424,181.628041814661,88.7345681506048,114.312273154847,-58.4982617253529,-32.4562157691613,-49.6939832607787,-81.5882421376259
"ESAN032201",187.228244210361,-306.872397559622,226.806702025398,206.343476085218,-95.8233546023875,-19.1556319428034,-0.44843301593384,-18.0838650289285,11.2419232156628,16.2001119263485
"ESAN032203",187.228244210361,-306.872397559622,226.806702025398,206.343476085218,-95.8233546023875,-19.1556319428034,-0.448433015933871,-18.0838650289285,11.2419232156628,16.2001119263485
"ESAN032205",187.228244210361,-306.872397559622,226.806702025398,206.343476085218,-95.8233546023875,-19.1556319428034,-0.448433015933924,-18.0838650289285,11.2419232156628,16.2001119263485
"ESAN032208",187.228244210361,-306.872397559622,226.806702025398,206.343476085217,-95.8233546023875,-19.1556319428034,-0.448433015933906,-18.0838650289285,11.2419232156628,16.2001119263485
"ESAN032210",187.228244210361,-306.872397559622,226.806702025398,206.343476085218,-95.8233546023875,-19.1556319428034,-0.448433015933855,-18.0838650289285,11.2419232156628,16.2001119263484
"ESAN032212",187.228244210361,-306.872397559622,226.806702025398,206.343476085218,-95.8233546023875,-19.1556319428034,-0.448433015933934,-18.0838650289285,11.2419232156627,16.2001119263485
"ESAN032214",187.228244210361,-306.872397559622,226.806702025398,206.343476085217,-95.8233546023875,-19.1556319428034,-0.448433015933861,-18.0838650289285,11.2419232156628,16.2001119263486
"ESAN032215",187.228244210361,-306.872397559622,226.806702025398,206.343476085217,-95.8233546023874,-19.1556319428034,-0.448433015933868,-18.0838650289285,11.2419232156627,16.2001119263485
"ESAN032216",187.228244210361,-306.872397559622,226.806702025398,206.343476085218,-95.8233546023874,-19.1556319428034,-0.44843301593394,-18.0838650289285,11.2419232156627,16.2001119263486
"ESAN032219",187.228244210361,-306.872397559622,226.806702025398,206.343476085217,-95.8233546023874,-19.1556319428034,-0.448433015933994,-18.0838650289286,11.2419232156626,16.2001119263486
"ESAN032222",161.801570036593,-332.653982938737,249.093837046649,205.785420042619,-115.172000636719,-55.9948331052494,-6.23175039726561,-23.1508039946548,13.5906412958452,-20.6196758576131
"ESAN032225",161.801570036593,-332.653982938737,249.093837046649,205.785420042619,-115.172000636719,-55.9948331052494,-6.23175039726565,-23.1508039946548,13.5906412958451,-20.619675857613
"ESAN032226",161.801570036593,-332.653982938737,249.093837046649,205.785420042619,-115.172000636719,-55.9948331052494,-6.23175039726568,-23.1508039946549,13.5906412958451,-20.6196758576129
"ESAN032227",161.801570036593,-332.653982938737,249.093837046649,205.785420042619,-115.172000636719,-55.9948331052494,-6.23175039726564,-23.1508039946549,13.5906412958451,-20.619675857613
"ESAN042303",139.39750027324,-294.695391946565,211.42249835186,199.93660520034,-124.368610136433,-13.618674455774,-17.9408886306587,-6.59622001978553,27.9608435059015,-38.4100190931193
"ESAN042310",139.39750027324,-294.695391946565,211.42249835186,199.93660520034,-124.368610136433,-13.618674455774,-17.9408886306587,-6.59622001978551,27.9608435059015,-38.4100190931194
"ESAN042315",161.801570036593,-332.653982938737,249.093837046649,205.785420042619,-115.172000636719,-55.9948331052494,-6.23175039726559,-23.1508039946549,13.5906412958452,-20.619675857613
"ESAN042318",161.801570036593,-332.653982938737,249.093837046649,205.785420042619,-115.172000636719,-55.9948331052494,-6.23175039726562,-23.1508039946548,13.5906412958452,-20.6196758576129
"ESCT052202",-160.3864445437,-182.200169000162,158.319426349469,60.921880035644,92.7503485529727,-5.04748100924171,104.945809753607,14.3179577934615,-2.76560885420707,-47.4996469182183
"ESCT052207",-197.672978745865,-173.770310196522,155.200301395359,48.5314640442711,112.133460716602,-21.2421518403202,94.9194831772289,42.9207836855844,-2.39460639020909,-40.0441087358055
"ESCT052302",-160.3864445437,-182.200169000162,158.319426349469,60.921880035644,92.7503485529726,-5.04748100924167,104.945809753607,14.3179577934614,-2.76560885420705,-47.4996469182181
"ESCT052307",-160.3864445437,-182.200169000162,158.319426349469,60.921880035644,92.7503485529726,-5.04748100924168,104.945809753607,14.3179577934613,-2.76560885420701,-47.4996469182181
"ESCT052309",-160.3864445437,-182.200169000162,158.319426349469,60.921880035644,92.7503485529726,-5.04748100924171,104.945809753607,14.3179577934614,-2.76560885420702,-47.4996469182181
"ESCT062210",-160.3864445437,-182.200169000162,158.319426349469,60.921880035644,92.7503485529726,-5.0474810092417,104.945809753607,14.3179577934614,-2.765608854207,-47.4996469182182
"ESCT062211",-160.3864445437,-182.200169000162,158.319426349469,60.921880035644,92.7503485529726,-5.0474810092417,104.945809753607,14.3179577934613,-2.76560885420703,-47.4996469182181
"ESCT062216",-160.3864445437,-182.200169000162,158.319426349469,60.921880035644,92.7503485529726,-5.04748100924171,104.945809753607,14.3179577934613,-2.76560885420698,-47.4996469182181
"ESCT062217",-160.3864445437,-182.200169000162,158.319426349469,60.9218800356439,92.7503485529726,-5.04748100924177,104.945809753607,14.3179577934614,-2.76560885420698,-47.4996469182181
"ESCT062219",-160.3864445437,-182.200169000162,158.319426349469,60.921880035644,92.7503485529726,-5.04748100924174,104.945809753607,14.3179577934614,-2.76560885420697,-47.4996469182181
"ESCT062221",-160.3864445437,-182.200169000162,158.319426349469,60.921880035644,92.7503485529725,-5.04748100924175,104.945809753607,14.3179577934614,-2.76560885420694,-47.4996469182182
"ESCT062224",-160.3864445437,-182.200169000162,158.319426349469,60.9218800356439,92.7503485529726,-5.04748100924173,104.945809753607,14.3179577934614,-2.76560885420695,-47.4996469182181
"ESCT062226",-160.3864445437,-182.200169000162,158.319426349469,60.921880035644,92.7503485529726,-5.04748100924172,104.945809753607,14.3179577934614,-2.76560885420694,-47.4996469182181
"ESMA052301",64.5853110209801,-188.043530271496,186.050346865018,115.789905166091,-56.944926938146,93.4610673724335,36.3536895557795,-51.4157355728387,-9.36026718241346,-2.78408717756894
"ESMA052302",64.5853110209801,-188.043530271496,186.050346865018,115.789905166091,-56.944926938146,93.4610673724335,36.3536895557794,-51.4157355728386,-9.36026718241347,-2.78408717756893
"ESMD052201",-91.1379870406943,-218.515276614586,177.597411870615,109.333278734189,17.4799860145402,2.03249851384207,68.9980659357329,4.59522347714074,17.4919832791231,-60.7783890198579
"ESMD052202",-91.1379870406943,-218.515276614586,177.597411870615,109.333278734189,17.4799860145402,2.03249851384205,68.9980659357329,4.59522347714076,17.4919832791232,-60.7783890198579
"ESSA052201",-150.275217233779,-218.396675227727,166.322401037717,106.092351206674,54.8721135444158,-13.1571542765934,82.0707145864931,24.2714227547589,9.53908379271088,-54.3668629912995
"ESSA052202",-150.275217233779,-218.396675227727,166.322401037717,106.092351206674,54.8721135444158,-13.1571542765934,82.0707145864932,24.2714227547589,9.53908379271088,-54.3668629912994
"ESSA062301",-150.275217233779,-218.396675227727,166.322401037717,106.092351206674,54.8721135444158,-13.1571542765934,82.0707145864932,24.2714227547588,9.53908379271087,-54.3668629912995
"FRBE052201",-431.366469106071,-168.540519290522,87.0463472449583,30.0419484042422,77.8892240342356,-51.8864566104675,-50.6300878855549,63.8683243107607,-20.5128780536826,59.910727926425
"FRBE052202",-431.366469106072,-168.540519290523,87.0463472449583,30.0419484042421,77.8892240342356,-51.8864566104676,-50.630087885555,63.8683243107609,-20.5128780536827,59.9107279264248
"FRBE052204",-431.366469106072,-168.540519290523,87.0463472449584,30.0419484042421,77.8892240342357,-51.8864566104675,-50.6300878855551,63.8683243107609,-20.5128780536828,59.9107279264249
"FRCL052201",-354.622707861042,-126.74036448237,114.638207439952,12.7454205955464,60.6919372464943,-23.0900816142756,-40.5640242166722,81.4884181983735,-5.58868336219279,28.9158931779751
"FRCL052202",-354.622707861042,-126.74036448237,114.638207439952,12.7454205955464,60.6919372464942,-23.0900816142756,-40.5640242166722,81.4884181983734,-5.58868336219271,28.9158931779752
"FRCL052301",-354.622707861042,-126.74036448237,114.638207439952,12.7454205955464,60.6919372464943,-23.0900816142756,-40.5640242166722,81.4884181983736,-5.58868336219276,28.9158931779751
"FRCL052302",-354.622707861042,-126.74036448237,114.638207439952,12.7454205955464,60.6919372464942,-23.0900816142756,-40.5640242166722,81.4884181983735,-5.58868336219269,28.9158931779751
"FRCO042201",-535.282328312111,-135.339247638095,40.1192533157496,-5.7869779511611,51.7031022216986,-50.7549198134485,-42.8760429533953,46.6580012669638,-22.9568376877171,3.94524695517075
"FRCO042202",-535.282328312111,-135.339247638095,40.1192533157496,-5.78697795116108,51.7031022216986,-50.7549198134485,-42.8760429533953,46.6580012669639,-22.9568376877173,3.94524695517075
"FRCO042203",-535.282328312111,-135.339247638095,40.1192533157496,-5.78697795116103,51.7031022216986,-50.7549198134486,-42.8760429533952,46.6580012669637,-22.9568376877173,3.94524695517087
"FRCO042204",-535.282328312111,-135.339247638095,40.1192533157495,-5.78697795116103,51.7031022216987,-50.7549198134485,-42.8760429533952,46.6580012669638,-22.9568376877171,3.94524695517078
"FRLO052301",-534.912594327064,-115.789667784267,43.0085235594275,-27.8107295047783,34.4694523712376,-30.3355453065993,-53.5246162378568,25.003936513553,-35.9377146566536,37.9676589623684
"FRLO052302",-534.912594327064,-115.789667784267,43.0085235594275,-27.8107295047783,34.4694523712376,-30.3355453065994,-53.5246162378569,25.003936513553,-35.9377146566535,37.9676589623684
"FRMP052201",-539.6361811204,-193.385156432453,43.3846428946263,42.0144973964364,84.0777577793115,-77.3957578464761,-48.8091773505731,32.7546147872893,-31.5641445667767,58.2541170000939
"FRMP052202",-539.6361811204,-193.385156432453,43.3846428946263,42.0144973964364,84.0777577793115,-77.395757846476,-48.8091773505731,32.7546147872891,-31.5641445667766,58.254117000094
"FRMP052203",-539.6361811204,-193.385156432453,43.3846428946263,42.0144973964364,84.0777577793115,-77.3957578464759,-48.8091773505729,32.7546147872891,-31.5641445667765,58.254117000094
"FRMP052204",-539.6361811204,-193.385156432453,43.3846428946263,42.0144973964364,84.0777577793115,-77.3957578464759,-48.8091773505729,32.7546147872891,-31.5641445667765,58.254117000094
"FRMP052206",-539.6361811204,-193.385156432453,43.3846428946263,42.0144973964365,84.0777577793115,-77.395757846476,-48.8091773505729,32.7546147872892,-31.5641445667767,58.2541170000939
"FRMU052302",-647.635693282625,-103.459306229418,-8.35746332149584,-40.7097531647314,18.1677176364903,-6.04083155362156,-25.51951836428,-15.338120220577,-28.1596805972837,19.2265602676522
"FRMU052303",-647.635693282625,-103.459306229418,-8.35746332149574,-40.7097531647315,18.1677176364904,-6.04083155362164,-25.5195183642803,-15.338120220577,-28.1596805972837,19.2265602676522
"FRNE052204",-720.117203340468,-150.044552121178,-42.0948114484286,0.463077518633822,47.4596360814108,-14.054541293554,-27.6489774061458,-45.4647275499029,6.14830918986491,29.8776102144433
"FRNE052205",-720.117203340468,-150.044552121179,-42.0948114484286,0.463077518633846,47.4596360814108,-14.0545412935541,-27.6489774061459,-45.4647275499029,6.14830918986475,29.8776102144431
"FRNE052208",-720.117203340468,-150.044552121179,-42.0948114484286,0.463077518633749,47.4596360814108,-14.054541293554,-27.6489774061457,-45.4647275499029,6.14830918986469,29.8776102144429
"FRRI052203",-499.5405606249,-152.664704485753,55.4240327868897,13.0059525470788,64.9701644037459,-56.0574001357804,-44.4800014614017,61.974976787624,-18.6568255426335,10.9993686707017
"FRRI052204",-499.540560624901,-152.664704485753,55.4240327868897,13.0059525470788,64.9701644037459,-56.0574001357804,-44.4800014614018,61.974976787624,-18.6568255426335,10.9993686707015
"FRRN052301",-650.697571772988,-196.215382098248,3.5706878430386,47.26617311106,101.803829135368,-80.8061947499166,-64.7342324004408,-22.3955569651937,17.9110942889575,22.6805304699583
"FRRN052302",-650.697571772988,-196.215382098248,3.57068784303866,47.2661731110601,101.803829135368,-80.8061947499166,-64.7342324004408,-22.3955569651938,17.9110942889573,22.6805304699582
"FRSA042201",-535.282328312111,-135.339247638095,40.1192533157497,-5.78697795116107,51.7031022216987,-50.7549198134485,-42.8760429533949,46.6580012669641,-22.9568376877175,3.94524695517058
"FRSA042202",-535.282328312111,-135.339247638095,40.1192533157497,-5.7869779511611,51.7031022216987,-50.7549198134485,-42.876042953395,46.6580012669642,-22.9568376877174,3.94524695517065
"FRSA042203",-535.282328312111,-135.339247638095,40.1192533157497,-5.78697795116111,51.7031022216987,-50.7549198134485,-42.876042953395,46.6580012669641,-22.9568376877174,3.94524695517069
"FRSA042204",-535.282328312111,-135.339247638095,40.1192533157496,-5.78697795116113,51.7031022216987,-50.7549198134485,-42.8760429533951,46.6580012669643,-22.9568376877174,3.94524695517069
"FRSB042201",-690.765983898127,-214.074423437553,-5.05190636066431,66.6459419521755,122.351768587594,-75.4597194784864,-86.9897824655012,-48.9390659852254,34.7970278684465,25.1742517307407
"FRSB042203",-690.765983898127,-214.074423437553,-5.05190636066438,66.6459419521756,122.351768587594,-75.4597194784866,-86.9897824655012,-48.9390659852252,34.7970278684463,25.1742517307406
"FRSB042204",-690.765983898127,-214.074423437553,-5.05190636066437,66.6459419521755,122.351768587594,-75.4597194784865,-86.9897824655011,-48.9390659852253,34.7970278684465,25.1742517307407
"FRSD062201",-609.838938385714,-161.135622879853,9.11098371443754,4.41277212109758,52.8578786822753,-60.177854210189,-40.7817982984766,4.24906851561131,-36.598103648966,35.1835294699045
"FRSD062202",-609.838938385714,-161.135622879853,9.11098371443754,4.41277212109759,52.8578786822753,-60.177854210189,-40.7817982984766,4.24906851561146,-36.5981036489661,35.1835294699044
"FRSD062203",-609.838938385714,-161.135622879853,9.11098371443761,4.41277212109755,52.8578786822753,-60.177854210189,-40.7817982984768,4.24906851561145,-36.5981036489661,35.1835294699046
"FRSD062204",-609.838938385714,-161.135622879853,9.11098371443758,4.41277212109762,52.8578786822753,-60.1778542101891,-40.7817982984768,4.24906851561144,-36.5981036489661,35.1835294699045
"FRSG052301",-573.138644521816,-114.898491308877,26.2822873755645,-24.947079144718,37.9396250272167,-41.3085510012411,-34.6209399373673,30.172127829934,-18.7183992861282,-10.0533354009437
"FRSG052302",-573.138644521816,-114.898491308877,26.2822873755645,-24.947079144718,37.9396250272167,-41.3085510012411,-34.6209399373673,30.1721278299341,-18.7183992861282,-10.0533354009436
"GRTH052302",123.537784763576,668.472504328943,288.038624139703,212.899327485894,21.5468797368135,98.736410364941,154.270823519938,24.3101072758722,126.052798413068,-92.7411609026595
"GRTH052303",123.537784763576,668.472504328943,288.038624139703,212.899327485894,21.5468797368135,98.736410364941,154.270823519938,24.3101072758721,126.052798413068,-92.7411609026593
"GRTH052305",123.537784763576,668.472504328943,288.038624139703,212.899327485894,21.5468797368136,98.736410364941,154.270823519938,24.3101072758723,126.052798413068,-92.7411609026594
"HUMV062206",-630.197678739899,33.0889816133391,49.7004541102439,-127.086098100477,-56.3905892517998,46.8003561787678,-45.3559624595076,-3.6912183090006,22.9159469154868,-55.0461055728491
"HUMV062211",-630.197678739899,33.0889816133391,49.700454110244,-127.086098100477,-56.3905892517998,46.8003561787678,-45.3559624595076,-3.69121830900059,22.9159469154868,-55.0461055728491
"HUMV062213",-630.197678739899,33.0889816133391,49.7004541102439,-127.086098100477,-56.3905892517999,46.8003561787678,-45.3559624595075,-3.69121830900066,22.915946915487,-55.046105572849
"HUMV062215",-630.197678739899,33.0889816133391,49.7004541102439,-127.086098100477,-56.3905892517999,46.8003561787678,-45.3559624595075,-3.69121830900059,22.915946915487,-55.0461055728491
"HUMV062226",-630.197678739899,33.0889816133391,49.7004541102439,-127.086098100477,-56.3905892517999,46.8003561787679,-45.3559624595076,-3.69121830900067,22.9159469154869,-55.0461055728493
"HUMV062227",-630.197678739899,33.0889816133391,49.7004541102439,-127.086098100477,-56.3905892517999,46.8003561787678,-45.3559624595077,-3.69121830900051,22.9159469154869,-55.0461055728494
"HUMV062231",-630.197678739899,33.0889816133391,49.7004541102439,-127.086098100477,-56.3905892517999,46.8003561787679,-45.3559624595076,-3.69121830900056,22.9159469154869,-55.0461055728492
"HUMV062309",-630.197678739899,33.0889816133391,49.7004541102439,-127.086098100477,-56.3905892517999,46.8003561787679,-45.3559624595077,-3.69121830900049,22.915946915487,-55.0461055728494
"HUMV062323",-630.197678739899,33.0889816133391,49.7004541102439,-127.086098100477,-56.3905892517998,46.8003561787679,-45.3559624595076,-3.69121830900056,22.9159469154868,-55.0461055728492
"HUMV062350",-630.197678739899,33.0889816133391,49.7004541102439,-127.086098100477,-56.3905892517998,46.8003561787679,-45.3559624595078,-3.69121830900066,22.9159469154869,-55.0461055728493
"HUSZ062201",-630.197678739899,33.0889816133391,49.7004541102438,-127.086098100477,-56.3905892517998,46.8003561787679,-45.3559624595078,-3.69121830900072,22.9159469154867,-55.0461055728492
"IEKD072305",-1040.51870567549,-241.143714914169,-138.039354210251,117.604566989098,113.731097584668,62.698888055717,-101.336098570763,-114.138415483774,-21.0083253844235,-11.9820272142966
"IEKD072313",-1040.51870567549,-241.143714914169,-138.039354210251,117.604566989098,113.731097584668,62.6988880557171,-101.336098570762,-114.138415483774,-21.0083253844232,-11.9820272142961
"IELO072305",-1040.51870567549,-241.143714914169,-138.039354210251,117.604566989098,113.731097584668,62.698888055717,-101.336098570763,-114.138415483774,-21.008325384423,-11.9820272142965
"IELO072310",-1040.51870567549,-241.143714914169,-138.039354210251,117.604566989098,113.731097584668,62.698888055717,-101.336098570763,-114.138415483774,-21.0083253844231,-11.9820272142962
"IEME072202",-1081.06220937917,-244.506990611617,-144.418954384126,127.669470923451,119.077088617774,70.7965472653462,-105.383015885289,-105.54932646965,1.28313448766187,-65.331408064494
"ILIL042201",2079.04707456019,-38.4411866888472,-133.514791966761,63.0115519250315,18.1181258229176,-21.5470771316309,-1.58631524498445,21.132886769545,6.29672449542987,9.58298170958401
"ILIL042215",1875.39900147635,5.08493819620768,-126.695780984495,127.72534276413,2.79603927821763,-27.8093851677635,1.30050233927166,13.7649222408029,0.761073878825295,19.0816693839452
"ILIL042254",1966.60376966244,-21.5806149083032,-128.438797410847,77.4420186134672,9.60346272547969,-11.109394354957,-3.73808977423317,16.9893843651985,5.18096437346793,12.989666691331
"ILIL042256",1966.60376966244,-21.5806149083033,-128.438797410847,77.4420186134673,9.60346272547989,-11.1093943549572,-3.73808977423362,16.9893843651983,5.18096437346755,12.9896666913315
"ILIL042271",1966.60376966244,-21.5806149083033,-128.438797410847,77.4420186134672,9.60346272547969,-11.109394354957,-3.7380897742335,16.989384365199,5.1809643734674,12.9896666913316
"ISR_103",1875.39900147635,5.08493819620796,-126.695780984496,127.725342764131,2.79603927821759,-27.8093851677638,1.30050233927222,13.7649222408034,0.76107387882632,19.0816693839471
"ISR_13",1875.39900147635,5.08493819620796,-126.695780984496,127.725342764131,2.79603927821767,-27.809385167764,1.30050233927206,13.7649222408029,0.761073878825891,19.0816693839479
"ISR_15",1875.39900147635,5.08493819620793,-126.695780984496,127.725342764131,2.79603927821761,-27.809385167764,1.30050233927181,13.7649222408034,0.761073878825673,19.0816693839473
"ISR_204",1875.39900147635,5.08493819620797,-126.695780984496,127.72534276413,2.79603927821788,-27.8093851677639,1.30050233927182,13.7649222408033,0.761073878825717,19.081669383947
"ISR_205",2152.11127859049,-52.4945183652572,-139.674676194401,46.51306719514,26.5991542308729,-20.3762525784905,0.880332098558048,27.8283566993788,14.0902026465521,-2.92603346488074
"ISR_208",1966.60376966244,-21.5806149083034,-128.438797410847,77.442018613467,9.60346272547983,-11.1093943549567,-3.73808977423366,16.9893843651987,5.18096437346778,12.9896666913312
"ISR_214",1875.39900147635,5.08493819620803,-126.695780984496,127.725342764131,2.79603927821802,-27.8093851677637,1.30050233927157,13.7649222408035,0.761073878826049,19.081669383946
"ISR_215",1966.60376966244,-21.5806149083034,-128.438797410847,77.442018613467,9.60346272548019,-11.1093943549567,-3.7380897742339,16.9893843651988,5.18096437346704,12.9896666913314
"ISR_216",1966.60376966244,-21.5806149083034,-128.438797410847,77.4420186134671,9.60346272547989,-11.1093943549568,-3.73808977423382,16.9893843651992,5.18096437346684,12.9896666913316
"ISR_217",1875.39900147635,5.084938196208,-126.695780984496,127.725342764131,2.79603927821823,-27.8093851677641,1.30050233927107,13.7649222408039,0.761073878824782,19.081669383946
"ISR_218",1875.39900147635,5.08493819620813,-126.695780984496,127.725342764131,2.796039278218,-27.8093851677644,1.3005023392712,13.7649222408041,0.761073878824884,19.0816693839461
"ISR_219",2079.04707456019,-38.4411866888472,-133.51479196676,63.0115519250291,18.1181258229172,-21.5470771316301,-1.58631524498446,21.1328867695426,6.29672449542865,9.58298170958134
"ISR_30p",2152.11127859049,-52.4945183652571,-139.674676194401,46.5130671951391,26.5991542308728,-20.3762525784899,0.880332098558078,27.8283566993785,14.090202646553,-2.92603346488404
"ISR_43",2079.04707456019,-38.4411866888473,-133.51479196676,63.0115519250288,18.1181258229171,-21.5470771316294,-1.58631524498402,21.1328867695423,6.29672449542925,9.58298170958155
"ISR_50",2152.11127859049,-52.4945183652571,-139.674676194401,46.5130671951394,26.5991542308728,-20.3762525784895,0.880332098557733,27.8283566993788,14.0902026465528,-2.92603346488387
"ISR_52",2152.11127859049,-52.4945183652571,-139.674676194401,46.5130671951391,26.5991542308728,-20.3762525784897,0.880332098557803,27.8283566993792,14.0902026465523,-2.92603346488482
"ISR_7",1875.39900147635,5.08493819620771,-126.695780984497,127.725342764131,2.79603927821851,-27.8093851677651,1.30050233927073,13.7649222408056,0.761073878825944,19.0816693839467
"ISR_70",2152.11127859049,-52.494518365257,-139.674676194401,46.5130671951392,26.5991542308726,-20.3762525784896,0.880332098558047,27.8283566993788,14.0902026465523,-2.92603346488501
"ISR_8",1875.39900147635,5.0849381962078,-126.695780984497,127.725342764131,2.79603927821869,-27.8093851677655,1.30050233927091,13.7649222408056,0.761073878825577,19.081669383946
"ISR_9",1875.39900147635,5.08493819620785,-126.695780984497,127.725342764131,2.79603927821875,-27.8093851677651,1.30050233927099,13.7649222408053,0.761073878825777,19.0816693839463
"ISR_94",1966.60376966244,-21.5806149083033,-128.438797410847,77.4420186134662,9.60346272548052,-11.1093943549571,-3.7380897742345,16.9893843651988,5.18096437346803,12.9896666913307
"ISR_97",2152.11127859049,-52.4945183652568,-139.6746761944,46.5130671951386,26.5991542308729,-20.3762525784899,0.880332098557803,27.8283566993777,14.090202646553,-2.92603346488612
"ISR_KU",2152.11127859049,-52.494518365257,-139.6746761944,46.5130671951389,26.5991542308729,-20.3762525784898,0.880332098558625,27.828356699378,14.0902026465534,-2.92603346488618
"ITBA022201",-0.861369860353154,438.389967080792,471.611728850285,-30.0967614945132,82.944791810765,190.822307133706,103.858424716181,-51.675546927325,-58.98729411682,48.867113815208
"ITBA022210",-0.861369860353154,438.389967080792,471.611728850285,-30.0967614945132,82.944791810765,190.822307133706,103.858424716181,-51.675546927325,-58.98729411682,48.867113815208
"ITBA022213",-0.861369860353154,438.389967080792,471.611728850285,-30.0967614945132,82.944791810765,190.822307133706,103.858424716181,-51.6755469273251,-58.98729411682,48.867113815208
"ITBA022218",-0.861369860353154,438.389967080792,471.611728850285,-30.0967614945132,82.944791810765,190.822307133706,103.858424716181,-51.6755469273251,-58.9872941168199,48.8671138152081
"ITBA022222",-0.861369860353154,438.389967080792,471.611728850285,-30.0967614945132,82.944791810765,190.822307133706,103.858424716182,-51.675546927325,-58.9872941168199,48.867113815208
"ITBA062301",-0.861369860353154,438.389967080792,471.611728850285,-30.0967614945132,82.9447918107649,190.822307133707,103.858424716182,-51.6755469273251,-58.98729411682,48.867113815208
"ITBO052301",-397.944439963917,-26.2333612055654,125.008363315273,-58.1261739820762,36.6983874905483,12.7360286463736,-68.055938531654,69.6570934782157,-6.66990288976169,-23.4524959553928
"ITBO052302",-397.944439963917,-26.2333612055654,125.008363315273,-58.1261739820762,36.6983874905483,12.7360286463737,-68.055938531654,69.6570934782157,-6.66990288976158,-23.4524959553928
"ITBO062201",-397.944439963917,-26.2333612055654,125.008363315273,-58.1261739820762,36.6983874905483,12.7360286463737,-68.0559385316539,69.6570934782156,-6.66990288976158,-23.4524959553927
"ITBO062202",-397.944439963917,-26.2333612055654,125.008363315273,-58.1261739820762,36.6983874905483,12.7360286463737,-68.0559385316539,69.6570934782156,-6.66990288976151,-23.4524959553928
"ITBO062203",-397.944439963917,-26.2333612055654,125.008363315273,-58.1261739820762,36.6983874905483,12.7360286463736,-68.0559385316539,69.6570934782156,-6.66990288976171,-23.4524959553926
"ITBZ042301",-541.903722885899,-42.3117224253694,54.1139139835714,-68.6228013120514,14.4840221253787,4.31445270190204,-42.3963442297784,29.4703835083624,-4.0218101724975,-34.8266917164501
"ITCN042301",-391.718573890407,-77.9492087950609,109.314958650277,-25.3181193379152,49.2842191705558,-10.6627350217801,-49.7870996662834,85.5049036937445,0.244979443246984,-21.7092240113396
"ITCN042302",-391.718573890407,-77.9492087950609,109.314958650277,-25.3181193379153,49.2842191705558,-10.6627350217801,-49.7870996662836,85.5049036937446,0.244979443246868,-21.7092240113396
"ITCN052201",-391.718573890407,-77.9492087950609,109.314958650277,-25.3181193379153,49.2842191705558,-10.6627350217801,-49.7870996662835,85.5049036937446,0.244979443246842,-21.7092240113395
"ITCN052204",-391.718573890407,-77.9492087950609,109.314958650277,-25.3181193379152,49.2842191705558,-10.6627350217801,-49.7870996662835,85.5049036937446,0.244979443246888,-21.7092240113397
"ITLE042301",171.618065712548,492.429607956085,649.586948026484,69.9913884003705,74.685205095064,181.931637131467,57.8186421389194,-151.583849908909,-88.1974814103841,46.256351010675
"ITLI042201",-353.95677943457,-82.3626580770813,121.422409248353,-14.7275836200459,51.1335744439301,-4.98823927934067,-51.0457514873604,78.8012469647932,-9.1542121368755,17.5617156980649
"ITLI052301",-353.95677943457,-82.3626580770813,121.422409248353,-14.7275836200458,51.1335744439301,-4.98823927934073,-51.0457514873603,78.8012469647932,-9.1542121368756,17.5617156980647
"ITMA052201",-380.184931948174,80.0867393346998,360.56381172811,-70.7684076747425,199.466624164305,27.3302109637812,-23.4510263118406,97.1524044597607,86.467179716716,-34.3275434246965
"ITMA052208",-380.184931948174,80.0867393346998,360.56381172811,-70.7684076747425,199.466624164304,27.3302109637813,-23.4510263118406,97.1524044597607,86.4671797167161,-34.3275434246967
"ITMA052213",-380.184931948174,80.0867393346998,360.56381172811,-70.7684076747425,199.466624164304,27.3302109637812,-23.4510263118406,97.1524044597607,86.4671797167162,-34.3275434246967
"ITSA052301",156.717282764385,-9.57767908910119,255.232494531757,102.40200595198,45.9052814951433,282.353504800859,59.4568656222158,-32.7756920892492,-16.157713102199,147.238603081382
"ITSA052302",156.717282764385,-9.57767908910119,255.232494531757,102.40200595198,45.9052814951433,282.353504800859,59.4568656222158,-32.7756920892491,-16.1577131021989,147.238603081382
"ITSA052303",156.717282764385,-9.57767908910119,255.232494531757,102.40200595198,45.9052814951433,282.353504800859,59.4568656222158,-32.7756920892491,-16.1577131021989,147.238603081382
"LTKD062206",-1318.74884533016,-222.34851296277,-202.619478781657,51.5708153252335,-96.2443963298875,49.4284183055156,79.467895448333,99.1509657652961,-87.0089396889693,-10.667885181593
"LTKD062208",-1318.74884533016,-222.34851296277,-202.619478781657,51.5708153252334,-96.2443963298875,49.4284183055157,79.467895448333,99.1509657652962,-87.0089396889695,-10.6678851815928
"LTKD062215",-1318.74884533016,-222.348512962769,-202.619478781657,51.5708153252336,-96.2443963298875,49.4284183055155,79.4678954483333,99.1509657652962,-87.0089396889698,-10.6678851815929
"LTKD062218",-1318.74884533016,-222.348512962769,-202.619478781657,51.5708153252332,-96.2443963298875,49.4284183055155,79.4678954483334,99.1509657652962,-87.0089396889697,-10.6678851815931
"LTKD062220",-1318.74884533016,-222.348512962769,-202.619478781657,51.5708153252332,-96.2443963298875,49.4284183055156,79.4678954483332,99.1509657652964,-87.0089396889699,-10.6678851815935
"LVAI062204",-1474.44339555633,-259.225122786608,-247.081847011252,88.4391810573217,-98.968265028921,76.8466342489624,61.3888098666242,89.6610132065272,-80.9151582380138,-16.334570922604
"LVAI062205",-1474.44339555633,-259.225122786608,-247.081847011252,88.4391810573219,-98.9682650289209,76.8466342489624,61.388809866624,89.661013206527,-80.9151582380142,-16.3345709226045
"LVAI062232",-1474.44339555633,-259.225122786608,-247.081847011252,88.4391810573217,-98.9682650289211,76.8466342489622,61.3888098666242,89.6610132065267,-80.9151582380136,-16.3345709226042
"LVAI062233",-1474.44339555633,-259.225122786608,-247.081847011252,88.4391810573218,-98.9682650289208,76.846634248962,61.3888098666242,89.6610132065267,-80.9151582380137,-16.3345709226048
"LVAI062234",-1474.44339555633,-259.225122786608,-247.081847011252,88.4391810573215,-98.9682650289207,76.846634248962,61.388809866624,89.6610132065268,-80.9151582380138,-16.3345709226048
"LVAI062235",-1474.44339555633,-259.225122786608,-247.081847011252,88.4391810573216,-98.9682650289206,76.846634248962,61.3888098666238,89.6610132065266,-80.9151582380141,-16.3345709226045
"NCSU_EG_02_05",2297.91120574105,-106.684003589257,-137.698045532615,0.948525116102591,38.8892610154812,20.1264403644991,8.60944715026946,31.5132236467419,21.9738343547892,-19.5177814114881
"NCSU_EG_02_12",2502.91866459039,-605.153018253489,47.7775069671176,-225.287823196527,-3.50849084927788,39.279971645383,10.9556695404765,20.0862956335157,17.9199869477326,-81.1411203387527
"NCSU_EG_02_19",2731.66871928122,-768.705491566694,114.568318786462,-312.462790863508,-25.0359990065729,29.9251932693749,-12.6872690965191,-49.4673453122388,-31.2026956524057,42.9879168719333
"NCSU_EG_03_02",2731.66871928122,-768.705491566694,114.568318786462,-312.462790863509,-25.035999006573,29.9251932693745,-12.6872690965191,-49.4673453122394,-31.2026956524055,42.9879168719334
"NCSU_EG_03_05",2173.96881117905,-84.4429956425378,-131.951215295437,23.2548063072036,28.3470432991322,25.399192707,6.10300500630004,26.6238290746534,19.2840542991127,-15.0391002962678
"NCSU_EG_03_06",2731.66871928122,-768.705491566694,114.568318786462,-312.462790863508,-25.0359990065733,29.925193269375,-12.6872690965189,-49.4673453122386,-31.2026956524056,42.9879168719345
"NCSU_EG_03_07",2731.66871928122,-768.705491566695,114.568318786462,-312.462790863509,-25.0359990065734,29.9251932693746,-12.6872690965193,-49.4673453122386,-31.2026956524065,42.9879168719351
"NCSU_EG_04_02",2731.66871928122,-768.705491566695,114.568318786462,-312.462790863509,-25.0359990065736,29.9251932693744,-12.687269096519,-49.4673453122387,-31.202695652406,42.9879168719351
"NCSU_EG_04_04",2703.98250210973,-698.07236113587,101.046203084387,-297.303233583133,-8.9017219864907,37.2390379805283,2.80767680884216,-2.83801851193898,0.474442103878966,-47.6770116914878
"NCSU_EG_04_07",2173.96881117905,-84.4429956425377,-131.951215295436,23.2548063072034,28.3470432991319,25.3991927070003,6.10300500630009,26.6238290746528,19.2840542991124,-15.0391002962665
"NCSU_EG_04_14",2502.91866459039,-605.15301825349,47.7775069671184,-225.287823196531,-3.50849084927825,39.2799716453843,10.9556695404759,20.0862956335133,17.9199869477308,-81.1411203387509
"NCSU_EG_04_16",2731.66871928122,-768.705491566694,114.568318786462,-312.462790863509,-25.0359990065736,29.9251932693744,-12.6872690965186,-49.4673453122391,-31.2026956524052,42.9879168719373
"NCSU_EG_04_18",2173.96881117905,-84.4429956425375,-131.951215295437,23.2548063072035,28.3470432991321,25.3991927070002,6.10300500629979,26.6238290746521,19.2840542991127,-15.0391002962655
"NCSU_EG_05_10",2173.96881117905,-84.4429956425374,-131.951215295437,23.2548063072037,28.3470432991319,25.3991927070003,6.10300500630064,26.6238290746522,19.284054299113,-15.0391002962644
"NCSU_EG_05_11",2502.91866459039,-605.15301825349,47.7775069671185,-225.287823196531,-3.50849084927806,39.2799716453844,10.9556695404749,20.0862956335127,17.9199869477301,-81.1411203387513
"NCSU_EG_05_13",2173.96881117905,-84.4429956425374,-131.951215295437,23.2548063072043,28.3470432991321,25.3991927070003,6.10300500629988,26.6238290746519,19.2840542991128,-15.0391002962638
"NCSU_EG_05_17",2731.66871928122,-768.705491566694,114.568318786462,-312.462790863508,-25.035999006574,29.9251932693736,-12.6872690965184,-49.4673453122394,-31.2026956524068,42.9879168719359
"NCSU_EG_05_18",2173.96881117905,-84.4429956425373,-131.951215295437,23.254806307204,28.3470432991319,25.3991927070007,6.10300500630083,26.6238290746525,19.2840542991135,-15.0391002962624
"NCSU_EG_05_24",2216.57315994774,-66.6863182771264,-140.80566808504,23.9240894139568,32.0582025421457,-15.5481024400187,2.72639365948202,27.7751984208268,16.2931966619625,-19.1523309346089
"NCSU_EG_06_18",2703.98250210973,-698.072361135869,101.046203084387,-297.303233583132,-8.90172198649124,37.2390379805271,2.8076768088427,-2.83801851193912,0.47444210387815,-47.6770116914833
"NCSU_EG_07_15",2173.96881117905,-84.4429956425372,-131.951215295437,23.2548063072037,28.3470432991318,25.3991927070007,6.10300500630087,26.6238290746525,19.2840542991138,-15.0391002962632
"NCSU_EG_07_18",2216.57315994774,-66.6863182771264,-140.805668085039,23.9240894139568,32.0582025421458,-15.5481024400186,2.72639365948064,27.7751984208274,16.2931966619624,-19.1523309346086
"NCSU_EG_07_21",2731.66871928122,-768.705491566694,114.568318786462,-312.462790863509,-25.035999006574,29.9251932693735,-12.6872690965192,-49.4673453122396,-31.2026956524084,42.9879168719351
"NCSU_EG_07_22",2216.57315994774,-66.6863182771265,-140.805668085039,23.9240894139567,32.0582025421459,-15.5481024400186,2.726393659482,27.7751984208272,16.2931966619629,-19.1523309346082
"NCSU_EG_07_23",2173.96881117905,-84.4429956425372,-131.951215295437,23.2548063072036,28.3470432991321,25.3991927070002,6.10300500630098,26.6238290746531,19.2840542991142,-15.0391002962635
"NCSU_EG_08_02",2731.66871928122,-768.705491566694,114.568318786462,-312.462790863508,-25.0359990065736,29.9251932693731,-12.6872690965195,-49.4673453122397,-31.2026956524078,42.9879168719348
"NCSU_EG_08_03",2216.57315994774,-66.6863182771263,-140.80566808504,23.9240894139573,32.0582025421458,-15.5481024400189,2.72639365948214,27.7751984208267,16.2931966619635,-19.1523309346066
"NCSU_EG_08_04",2703.98250210973,-698.072361135869,101.046203084387,-297.303233583131,-8.90172198649086,37.2390379805263,2.80767680884278,-2.83801851194007,0.47444210387784,-47.6770116914821
"NCSU_EG_08_05",2173.96881117905,-84.4429956425373,-131.951215295437,23.2548063072035,28.3470432991316,25.3991927070003,6.1030050063013,26.6238290746529,19.2840542991134,-15.0391002962638
"NCSU_EG_08_06",2173.96881117905,-84.4429956425373,-131.951215295437,23.2548063072034,28.347043299132,25.3991927070004,6.10300500630139,26.623829074653,19.2840542991142,-15.0391002962634
"NCSU_EG_08_07",2297.91120574105,-106.684003589259,-137.698045532616,0.948525116098467,38.8892610154809,20.1264403645008,8.60944715026955,31.5132236467401,21.9738343547882,-19.5177814114827
"NCSU_EG_08_08",2173.96881117905,-84.4429956425375,-131.951215295437,23.2548063072033,28.3470432991318,25.3991927070006,6.10300500630141,26.6238290746525,19.2840542991139,-15.039100296264
"NCSU_EG_08_09",2173.96881117905,-84.4429956425375,-131.951215295437,23.2548063072034,28.347043299132,25.3991927070006,6.10300500630133,26.6238290746525,19.2840542991138,-15.0391002962632
"NCSU_EG_08_16",2173.96881117905,-84.4429956425375,-131.951215295437,23.2548063072032,28.3470432991314,25.3991927070011,6.10300500630198,26.6238290746521,19.2840542991143,-15.0391002962634
"NCSU_EG_08_19",2173.96881117905,-84.4429956425375,-131.951215295437,23.2548063072035,28.3470432991315,25.3991927070011,6.10300500630166,26.6238290746521,19.284054299114,-15.0391002962634
"NCSU_RU_02_11",-790.877721729351,379.756305732203,276.369947787903,-265.140701579689,-46.8386677767334,-276.946762690327,19.3690992261318,-61.7132819218681,-33.3485304402024,-20.1762927725697
"NCSU_RU_02_15",-790.877721729351,379.756305732202,276.369947787903,-265.140701579689,-46.8386677767334,-276.946762690327,19.3690992261317,-61.7132819218681,-33.3485304402022,-20.1762927725697
"NCSU_RU_02_22",-790.877721729351,379.756305732202,276.369947787903,-265.140701579689,-46.8386677767333,-276.946762690327,19.3690992261318,-61.7132819218681,-33.3485304402021,-20.1762927725696
"NCSU_RU_03_22",-790.877721729351,379.756305732202,276.369947787903,-265.140701579689,-46.8386677767333,-276.946762690327,19.3690992261315,-61.7132819218682,-33.3485304402023,-20.1762927725696
"NCSU_RU_04_12",-790.877721729351,379.756305732202,276.369947787903,-265.140701579689,-46.8386677767333,-276.946762690327,19.3690992261315,-61.7132819218681,-33.3485304402022,-20.1762927725698
"NCSU_RU_05_08",-543.249260048669,477.91889226897,160.417106871083,-137.355188655692,72.9371909049431,-269.143453630171,-52.6781771350479,52.8221958591759,45.9806206596935,-120.16741096128
"NCSU_RU_05_19",-790.877721729351,379.756305732202,276.369947787903,-265.140701579689,-46.8386677767331,-276.946762690327,19.3690992261312,-61.7132819218681,-33.348530440202,-20.1762927725704
"NCSU_RU_06_11",-790.877721729351,379.756305732202,276.369947787903,-265.140701579689,-46.8386677767329,-276.946762690327,19.3690992261309,-61.7132819218681,-33.3485304402018,-20.1762927725705
"NCSU_TR_01_01",417.921539677406,643.239393331221,-147.275135871271,-135.486222043875,-62.3556920838978,31.0538467545797,28.5150947101756,-71.7449194550352,-15.1520547972784,-13.1289547489465
"NCSU_TR_01_02",641.988192024809,608.34742746308,153.71495064113,170.305202711237,-258.458117691812,71.4415047208409,-166.415980335113,53.1331911882741,18.6068217385261,10.7900744399808
"NCSU_TR_01_03",-49.696471468963,619.464626549343,-11.3920288994976,44.6174610656865,134.42816158328,8.87703298775106,-24.4318287708162,64.2858386843521,30.9046430774394,33.5277829282992
"NCSU_TR_01_08",1075.27058073625,301.577488954595,-1.19338008954475,299.919607663841,-19.5591525973323,-148.934588207422,48.1014355153067,-82.6465627410504,-57.8348220116386,-7.02218617195156
"NCSU_TR_01_10",1075.27058073625,301.577488954595,-1.19338008954475,299.919607663841,-19.5591525973323,-148.934588207422,48.1014355153068,-82.6465627410504,-57.8348220116388,-7.02218617195134
"NCSU_TR_01_17",145.726855313043,652.015515309246,-117.343284148274,-88.6448262550628,96.5359224086009,-13.2588522614385,-0.0994513641554203,34.5375835678304,-20.1997290778682,16.0043635386632
"NCSU_TR_01_18",-49.6964714689631,619.464626549343,-11.3920288994974,44.6174610656859,134.42816158328,8.87703298775195,-24.4318287708166,64.2858386843527,30.9046430774406,33.5277829282991
"NCSU_TR_01_19",641.988192024809,608.34742746308,153.71495064113,170.305202711237,-258.458117691811,71.4415047208409,-166.415980335114,53.1331911882745,18.6068217385267,10.7900744399816
"NCSU_TR_01_20",417.921539677406,643.239393331221,-147.275135871271,-135.486222043875,-62.3556920838972,31.0538467545799,28.5150947101755,-71.7449194550349,-15.1520547972778,-13.128954748946
"NCSU_TR_02_01",145.726855313043,652.015515309247,-117.343284148274,-88.6448262550627,96.5359224086009,-13.2588522614383,-0.0994513641558796,34.5375835678307,-20.1997290778677,16.0043635386637
"NCSU_TR_02_02",-49.6964714689631,619.464626549343,-11.3920288994974,44.6174610656859,134.42816158328,8.87703298775174,-24.431828770816,64.2858386843524,30.9046430774407,33.527782928299
"NCSU_TR_02_04",641.988192024809,608.34742746308,153.71495064113,170.305202711237,-258.458117691811,71.4415047208411,-166.415980335114,53.1331911882748,18.6068217385269,10.7900744399816
"NCSU_TR_02_09",641.988192024809,608.34742746308,153.71495064113,170.305202711237,-258.458117691811,71.4415047208411,-166.415980335114,53.1331911882747,18.6068217385271,10.7900744399817
"NCSU_TR_02_10",145.726855313043,652.015515309247,-117.343284148274,-88.6448262550625,96.5359224086009,-13.2588522614381,-0.0994513641565088,34.5375835678314,-20.1997290778673,16.0043635386641
"NCSU_TR_02_13",1075.27058073625,301.577488954595,-1.19338008954482,299.919607663841,-19.5591525973319,-148.934588207423,48.1014355153062,-82.6465627410501,-57.8348220116384,-7.02218617195146
"NCSU_TR_02_14",-49.6964714689631,619.464626549343,-11.3920288994975,44.6174610656855,134.428161583281,8.87703298775181,-24.4318287708148,64.2858386843521,30.9046430774411,33.5277829282986
"NCSU_TR_02_16",145.726855313043,652.015515309247,-117.343284148274,-88.6448262550623,96.5359224086013,-13.2588522614382,-0.0994513641565382,34.5375835678316,-20.199729077867,16.0043635386645
"NCSU_TR_02_17",417.921539677406,643.239393331221,-147.275135871271,-135.486222043875,-62.355692083897,31.05384675458,28.5150947101756,-71.7449194550349,-15.152054797277,-13.1289547489454
"NCSU_TR_02_18",1075.27058073625,301.577488954595,-1.19338008954491,299.919607663841,-19.5591525973317,-148.934588207423,48.1014355153061,-82.6465627410498,-57.834822011638,-7.02218617195115
"NCSU_TR_02_20",145.726855313043,652.015515309247,-117.343284148274,-88.6448262550624,96.5359224086012,-13.2588522614383,-0.0994513641563567,34.5375835678313,-20.1997290778673,16.0043635386646
"NCSU_TR_02_21",-49.6964714689631,619.464626549342,-11.3920288994972,44.6174610656855,134.428161583281,8.87703298775223,-24.4318287708151,64.2858386843524,30.9046430774423,33.5277829282984
"NCSU_TR_02_23",417.921539677406,643.239393331221,-147.275135871271,-135.486222043874,-62.3556920838968,31.0538467545801,28.5150947101752,-71.7449194550346,-15.1520547972767,-13.1289547489453
"NCSU_TR_03_01",641.988192024809,608.34742746308,153.71495064113,170.305202711237,-258.458117691811,71.4415047208411,-166.415980335114,53.133191188275,18.6068217385278,10.7900744399819
"NCSU_TR_03_03",1075.27058073625,301.577488954595,-1.19338008954482,299.919607663841,-19.5591525973313,-148.934588207422,48.101435515306,-82.6465627410498,-57.8348220116378,-7.02218617195071
"NCSU_TR_03_11",-49.6964714689632,619.464626549342,-11.3920288994972,44.6174610656851,134.428161583281,8.87703298775238,-24.4318287708148,64.2858386843528,30.9046430774427,33.5277829282984
"NCSU_TR_03_13",641.988192024809,608.34742746308,153.71495064113,170.305202711237,-258.458117691811,71.4415047208412,-166.415980335114,53.1331911882752,18.6068217385282,10.7900744399821
"NCSU_TR_03_14",1075.27058073625,301.577488954595,-1.19338008954479,299.919607663842,-19.5591525973311,-148.934588207422,48.1014355153059,-82.6465627410497,-57.834822011638,-7.02218617195019
"NCSU_TR_03_16",417.921539677406,643.239393331221,-147.275135871271,-135.486222043875,-62.3556920838964,31.0538467545803,28.5150947101755,-71.7449194550342,-15.1520547972759,-13.1289547489451
"NCSU_TR_03_17",145.726855313043,652.015515309247,-117.343284148274,-88.644826255062,96.5359224086013,-13.2588522614383,-0.0994513641568575,34.5375835678317,-20.1997290778669,16.0043635386652
"NCSU_TR_03_19",1075.27058073625,301.577488954595,-1.19338008954484,299.919607663842,-19.5591525973313,-148.934588207422,48.1014355153057,-82.6465627410499,-57.8348220116378,-7.02218617195027
"NCSU_TR_03_20",641.988192024809,608.34742746308,153.71495064113,170.305202711237,-258.458117691811,71.4415047208414,-166.415980335114,53.1331911882751,18.6068217385279,10.7900744399817
"NCSU_TR_03_23",145.726855313043,652.015515309248,-117.343284148274,-88.6448262550619,96.535922408601,-13.2588522614382,-0.0994513641570903,34.5375835678316,-20.1997290778669,16.0043635386653
"NCSU_TR_04_01",-49.6964714689632,619.464626549342,-11.3920288994971,44.6174610656847,134.428161583282,8.87703298775282,-24.431828770814,64.2858386843529,30.9046430774439,33.527782928298
"NCSU_TR_04_03",417.921539677406,643.239393331221,-147.275135871271,-135.486222043875,-62.3556920838963,31.0538467545805,28.5150947101754,-71.7449194550341,-15.1520547972757,-13.1289547489451
"NCSU_TR_04_05",417.921539677406,643.239393331221,-147.275135871271,-135.486222043875,-62.3556920838963,31.0538467545804,28.5150947101754,-71.7449194550341,-15.1520547972757,-13.1289547489452
"NCSU_TR_04_06",-49.6964714689632,619.464626549341,-11.392028899497,44.6174610656847,134.428161583282,8.87703298775266,-24.4318287708143,64.2858386843534,30.904643077444,33.5277829282982
"NCSU_TR_04_08",-49.6964714689632,619.464626549341,-11.3920288994969,44.6174610656846,134.428161583282,8.87703298775266,-24.4318287708143,64.2858386843534,30.904643077444,33.5277829282983
"NCSU_TR_04_09",-49.6964714689632,619.464626549341,-11.392028899497,44.6174610656846,134.428161583282,8.87703298775265,-24.4318287708142,64.2858386843534,30.904643077444,33.5277829282982
"NCSU_TR_04_10",1075.27058073625,301.577488954596,-1.19338008954491,299.919607663841,-19.5591525973303,-148.934588207422,48.1014355153056,-82.6465627410488,-57.8348220116363,-7.02218617194887
"NCSU_TR_04_17",417.921539677406,643.239393331221,-147.275135871271,-135.486222043875,-62.3556920838957,31.0538467545806,28.5150947101754,-71.7449194550333,-15.1520547972749,-13.1289547489444
"NCSU_TR_04_19",1075.27058073625,301.577488954596,-1.19338008954503,299.919607663842,-19.5591525973304,-148.934588207422,48.1014355153057,-82.6465627410489,-57.8348220116361,-7.02218617194894
"NCSU_TR_04_22",417.921539677406,643.239393331221,-147.275135871271,-135.486222043875,-62.3556920838957,31.0538467545807,28.5150947101752,-71.7449194550334,-15.1520547972748,-13.1289547489444
"NCSU_TR_04_23",417.921539677406,643.239393331221,-147.275135871271,-135.486222043875,-62.3556920838957,31.0538467545806,28.5150947101752,-71.7449194550334,-15.1520547972747,-13.1289547489444
"NCSU_TR_04_24",-49.6964714689633,619.464626549341,-11.3920288994968,44.6174610656844,134.428161583283,8.87703298775328,-24.4318287708149,64.2858386843549,30.9046430774454,33.5277829282986
"NCSU_TR_05_01",1075.27058073625,301.577488954596,-1.19338008954496,299.919607663841,-19.5591525973302,-148.934588207422,48.1014355153056,-82.6465627410486,-57.8348220116358,-7.0221861719485
"NCSU_TR_05_02",417.921539677406,643.239393331221,-147.275135871271,-135.486222043875,-62.3556920838955,31.0538467545808,28.5150947101752,-71.744919455033,-15.1520547972743,-13.1289547489444
"NCSU_TR_05_03",417.921539677406,643.239393331221,-147.275135871271,-135.486222043875,-62.3556920838954,31.0538467545808,28.5150947101752,-71.7449194550331,-15.1520547972741,-13.1289547489442
"NCSU_TR_05_04",1075.27058073625,301.577488954596,-1.19338008954506,299.919607663841,-19.5591525973302,-148.934588207422,48.1014355153058,-82.6465627410487,-57.8348220116359,-7.02218617194837
"NCSU_TR_05_05",417.921539677406,643.239393331221,-147.275135871271,-135.486222043875,-62.3556920838954,31.0538467545809,28.5150947101752,-71.7449194550329,-15.152054797274,-13.1289547489439
"NCSU_TR_05_06",417.921539677406,643.239393331221,-147.275135871271,-135.486222043875,-62.3556920838955,31.0538467545809,28.5150947101752,-71.7449194550329,-15.1520547972741,-13.1289547489439
"NCSU_TR_05_07",641.988192024809,608.34742746308,153.71495064113,170.305202711237,-258.458117691809,71.4415047208415,-166.415980335115,53.1331911882765,18.6068217385291,10.790074439983
"NCSU_TR_05_15",145.726855313043,652.015515309248,-117.343284148275,-88.6448262550618,96.535922408602,-13.2588522614381,-0.099451364157151,34.5375835678314,-20.1997290778664,16.0043635386667
"NCSU_TR_05_20",417.921539677406,643.239393331221,-147.275135871271,-135.486222043875,-62.3556920838954,31.0538467545808,28.5150947101752,-71.744919455033,-15.1520547972743,-13.1289547489441
"NCSU_TR_05_22",417.921539677406,643.239393331221,-147.275135871271,-135.486222043875,-62.3556920838955,31.0538467545808,28.5150947101752,-71.744919455033,-15.1520547972742,-13.1289547489441
"NCSU_TR_06_05",-49.6964714689633,619.46462654934,-11.3920288994964,44.6174610656842,134.428161583284,8.87703298775352,-24.4318287708153,64.2858386843567,30.9046430774469,33.5277829282989
"NCSU_TR_06_10",641.988192024809,608.34742746308,153.71495064113,170.305202711237,-258.458117691809,71.4415047208416,-166.415980335115,53.1331911882763,18.6068217385295,10.7900744399834
"NCSU_TR_06_12",145.726855313043,652.015515309249,-117.343284148275,-88.6448262550618,96.535922408602,-13.2588522614379,-0.099451364157386,34.5375835678315,-20.1997290778662,16.004363538667
"NCSU_TR_06_13",417.921539677406,643.239393331221,-147.275135871271,-135.486222043875,-62.3556920838952,31.0538467545808,28.5150947101752,-71.7449194550331,-15.152054797274,-13.1289547489441
"NCSU_TR_06_14",417.921539677406,643.239393331221,-147.275135871271,-135.486222043875,-62.3556920838953,31.0538467545809,28.5150947101754,-71.7449194550332,-15.1520547972738,-13.1289547489441
"NCSU_TR_06_15",417.921539677406,643.239393331221,-147.275135871271,-135.486222043875,-62.3556920838953,31.0538467545808,28.5150947101753,-71.7449194550333,-15.1520547972737,-13.1289547489441
"NCSU_TR_06_16",145.726855313043,652.015515309249,-117.343284148275,-88.644826255062,96.5359224086017,-13.2588522614377,-0.0994513641572187,34.5375835678309,-20.1997290778664,16.0043635386668
"NCSU_TR_06_17",417.921539677406,643.23939333122,-147.275135871271,-135.486222043875,-62.3556920838954,31.0538467545809,28.5150947101753,-71.7449194550334,-15.1520547972736,-13.1289547489442
"NLNI042202",-972.498208921887,-183.068981660362,-112.282990086091,31.9892071169119,51.9099010056088,7.26849286778122,-14.7528231965346,-99.9654346876909,141.432945780727,-4.91738081988558
"NLNI042203",-972.498208921887,-183.068981660362,-112.282990086091,31.9892071169119,51.9099010056088,7.2684928677812,-14.7528231965346,-99.9654346876909,141.432945780727,-4.91738081988544
"NLTX072301",-1040.0785272172,-221.493568505373,-153.92423103705,89.1821863973491,60.5980998580704,62.954252382321,-54.9494027627772,-105.677952731546,12.8338110300126,6.27233339816283
"NLTX072302",-1040.0785272172,-221.493568505373,-153.92423103705,89.182186397349,60.5980998580704,62.9542523823209,-54.9494027627773,-105.677952731546,12.8338110300127,6.27233339816295
"PLBA092301",-804.841173843514,-57.1437630730148,-37.6322697889816,-97.881906986139,-85.6262113697322,2.36051423271731,17.5727290500722,11.0996811131933,-3.33976443275584,29.4369265553917
"PLBA092305",-804.841173843514,-57.1437630730148,-37.6322697889816,-97.881906986139,-85.6262113697323,2.36051423271736,17.5727290500722,11.0996811131934,-3.33976443275588,29.4369265553916
"PLBI082201",-1203.63308815417,-226.258768745061,-170.380924491721,42.4532487834565,-61.1190247196986,-16.0404794665474,97.8207602858714,15.9593388238524,53.6305120487117,61.8238286861757
"PLCZ072206",-928.633922310711,-93.327493951076,-65.912329593475,-66.602178643219,-84.8409695048912,-4.44253662737016,49.9243873256607,58.123095377263,19.6229519678985,-6.12876646437378
"PLCZ072210",-928.633922310711,-93.3274939510759,-65.912329593475,-66.602178643219,-84.8409695048911,-4.44253662737017,49.9243873256607,58.1230953772632,19.6229519678985,-6.12876646437377
"PLCZ072212",-928.633922310711,-93.3274939510759,-65.912329593475,-66.602178643219,-84.8409695048911,-4.44253662737016,49.9243873256607,58.1230953772634,19.6229519678983,-6.12876646437406
"PLCZ072215",-928.633922310711,-93.3274939510759,-65.912329593475,-66.602178643219,-84.8409695048911,-4.44253662737012,49.9243873256606,58.1230953772633,19.6229519678984,-6.12876646437388
"PLCZ072305",-928.633922310711,-93.3274939510759,-65.912329593475,-66.602178643219,-84.8409695048911,-4.44253662737014,49.9243873256606,58.1230953772635,19.6229519678983,-6.12876646437392
"PLCZ072306",-928.633922310711,-93.3274939510759,-65.9123295934749,-66.602178643219,-84.8409695048911,-4.44253662737014,49.9243873256607,58.1230953772636,19.6229519678982,-6.12876646437394
"PLKB092305",-874.122204309022,-105.717872427487,-75.6736282408516,-49.0930745543559,-52.5908962928721,-11.1129567337309,49.1982529778644,21.6284167362754,20.7862630894688,-7.46767105537567
"PLKO082237",-950.179609310954,-140.471530253254,-103.209484064325,-21.8485002756929,-55.9474245493367,-22.1677605322092,84.350744338473,40.9713694859655,27.6386287200769,1.01210493363225
"PLKO082242",-950.179609310954,-140.471530253254,-103.209484064325,-21.8485002756928,-55.9474245493368,-22.1677605322092,84.350744338473,40.9713694859656,27.638628720077,1.01210493363216
"PLKO082243",-950.179609310954,-140.471530253254,-103.209484064325,-21.8485002756928,-55.9474245493369,-22.1677605322093,84.350744338473,40.9713694859656,27.638628720077,1.01210493363244
"PLNA082247",-997.580416052492,-159.3191557566,-118.815191171829,-20.5555296278788,-75.6231774167881,-33.1902180428839,92.3737902208364,30.3915220916721,13.862152684537,73.1157056703801
"PLNA082249",-997.580416052492,-159.3191557566,-118.81519117183,-20.5555296278788,-75.6231774167882,-33.1902180428841,92.3737902208365,30.3915220916721,13.8621526845372,73.1157056703802
"PLRA082254",-959.969397196644,-123.188370348594,-92.0969049812765,-38.794376843363,-75.8544256627774,-12.1580090214895,76.9592749039933,68.9651705422335,10.3574405055779,-1.06610421265995
"PLRA082257",-959.969397196644,-123.188370348594,-92.0969049812764,-38.794376843363,-75.8544256627774,-12.1580090214898,76.9592749039932,68.9651705422334,10.3574405055781,-1.06610421265999
"PLRA082270",-959.969397196644,-123.188370348594,-92.0969049812764,-38.794376843363,-75.8544256627774,-12.1580090214898,76.9592749039932,68.9651705422334,10.357440505578,-1.06610421265978
"PLRA092320",-959.969397196644,-123.188370348594,-92.0969049812764,-38.794376843363,-75.8544256627774,-12.1580090214897,76.9592749039931,68.9651705422332,10.3574405055779,-1.06610421265983
"PLRA092321",-959.969397196644,-123.188370348594,-92.0969049812764,-38.7943768433631,-75.8544256627775,-12.1580090214898,76.9592749039931,68.9651705422331,10.3574405055779,-1.06610421266009
"PLRA092322",-959.969397196644,-123.188370348594,-92.0969049812763,-38.7943768433631,-75.8544256627774,-12.1580090214898,76.959274903993,68.9651705422333,10.3574405055775,-1.06610421266046
"PLSK082271",-813.585937151267,-29.1037586474212,-15.5631363699634,-118.532703232499,-112.979938863342,5.1702967734734,26.3743634728634,26.3000949509056,20.4866906542991,12.5404873550566
"PLSK082274",-813.585937151267,-29.1037586474212,-15.5631363699635,-118.532703232499,-112.979938863342,5.1702967734735,26.3743634728633,26.3000949509057,20.486690654299,12.5404873550565
"PLSK082276",-813.585937151267,-29.1037586474212,-15.5631363699634,-118.532703232499,-112.979938863342,5.17029677347342,26.3743634728635,26.3000949509055,20.4866906542992,12.5404873550563
"PLSK092301",-813.585937151267,-29.1037586474212,-15.5631363699634,-118.532703232499,-112.979938863342,5.17029677347355,26.3743634728635,26.3000949509056,20.4866906542991,12.5404873550564
"PLSK092305",-813.585937151267,-29.1037586474213,-15.5631363699634,-118.532703232499,-112.979938863342,5.17029677347344,26.3743634728635,26.3000949509057,20.486690654299,12.5404873550563
"PLSM082283",-910.148519675749,-125.105134475568,-96.8932906809286,-46.2379045753087,-70.8205547442541,-18.6961093180717,59.1073296239257,2.39705632340866,-11.5135449291095,45.8739530993612
"PLSM082285",-910.148519675749,-125.105134475568,-96.8932906809286,-46.2379045753087,-70.8205547442541,-18.6961093180717,59.1073296239255,2.39705632340855,-11.5135449291095,45.8739530993613
"PLSM082286",-910.148519675749,-125.105134475568,-96.8932906809286,-46.2379045753088,-70.820554744254,-18.6961093180717,59.1073296239255,2.39705632340863,-11.5135449291097,45.8739530993613
"PLSM092311",-910.148519675749,-125.105134475568,-96.8932906809286,-46.2379045753088,-70.820554744254,-18.6961093180719,59.1073296239254,2.39705632340865,-11.5135449291098,45.8739530993614
"POL_1",-950.179609310954,-140.471530253254,-103.209484064325,-21.8485002756925,-55.9474245493365,-22.167760532209,84.3507443384726,40.9713694859645,27.6386287200772,1.01210493363261
"POL_3",-950.179609310954,-140.471530253254,-103.209484064325,-21.8485002756925,-55.9474245493365,-22.1677605322088,84.3507443384727,40.971369485964,27.6386287200773,1.01210493363253
"POL_5",-804.841173843514,-57.1437630730145,-37.6322697889806,-97.8819069861383,-85.6262113697288,2.36051423271808,17.5727290500661,11.099681113189,-3.33976443275889,29.4369265553892
"POL_6",-1158.83012664833,-185.412892519804,-157.668298698975,10.9652965060807,-102.760026021186,-1.32034766502612,103.119012654354,97.0045054992404,-45.8219630254744,38.7359539196427
"PTOD042301",138.128846110963,-360.588890759372,273.541431776181,196.760804387117,-132.698200013134,-90.4187776621939,-27.1696157845861,-47.3853425519825,-5.13552414140734,-14.475804505566
"ROGT052201",-553.193368232939,118.303083204033,130.515605742348,-152.146295519729,-18.6475653549473,84.972539467707,-67.2263507224401,-20.4222932110913,12.5990885442574,-59.2488832429441
"ROGT052209",-553.193368232939,118.303083204033,130.515605742348,-152.146295519729,-18.6475653549474,84.972539467707,-67.22635072244,-20.4222932110912,12.5990885442575,-59.248883242944
"ROLV052202",-553.193368232939,118.303083204034,130.515605742348,-152.146295519729,-18.6475653549473,84.972539467707,-67.22635072244,-20.4222932110912,12.5990885442575,-59.2488832429441
"ROLV052206",-553.193368232938,118.303083204034,130.515605742348,-152.146295519729,-18.6475653549474,84.9725394677071,-67.2263507224399,-20.4222932110912,12.5990885442576,-59.2488832429439
"ROLV052209",-553.193368232938,118.303083204034,130.515605742348,-152.146295519729,-18.6475653549473,84.9725394677071,-67.2263507224401,-20.4222932110913,12.5990885442576,-59.2488832429439
"SEAB072243",-1470.00303703071,-322.425954118948,-255.169883772166,188.385657582891,66.5278759796506,100.121803978303,-11.8626701317716,-39.1939339266844,-76.8902650985516,-64.4156199819633
"SEAB072246",-1470.00303703071,-322.425954118948,-255.169883772166,188.38565758289,66.5278759796506,100.121803978303,-11.8626701317715,-39.1939339266844,-76.8902650985515,-64.4156199819634
"SEUP072201",-1576.32497213745,-354.970519332799,-274.292322458512,228.805528223762,91.3397276888454,113.434929922513,-54.847668571973,-53.7115433624416,-70.2327700321265,-81.078226968628
"SEUP072203",-1576.32497213745,-354.970519332799,-274.292322458512,228.805528223762,91.3397276888453,113.434929922514,-54.8476685719728,-53.7115433624414,-70.2327700321262,-81.0782269686272
"SEUP072204",-1576.32497213745,-354.970519332799,-274.292322458512,228.805528223762,91.3397276888452,113.434929922514,-54.8476685719731,-53.7115433624414,-70.2327700321259,-81.0782269686273
"TRSA062307",286.913747461296,657.115085896575,-105.165937124427,-92.7311496933807,26.0062264831793,22.1360807438088,12.7565583229052,-4.12357544600947,3.30926240880006,-28.6655299015603
"TRSA062309",286.913747461296,657.115085896575,-105.165937124427,-92.7311496933807,26.0062264831793,22.1360807438088,12.7565583229052,-4.12357544600956,3.30926240880001,-28.6655299015603
"TRSA062310",286.913747461297,657.115085896575,-105.165937124427,-92.7311496933806,26.0062264831793,22.1360807438088,12.7565583229052,-4.12357544600957,3.30926240880004,-28.6655299015603
"TUR_1a",145.726855313043,652.015515309248,-117.343284148277,-88.6448262550626,96.5359224085993,-13.2588522614355,-0.0994513641543861,34.5375835678308,-20.1997290778669,16.004363538664
"TUR_1b",145.726855313043,652.015515309248,-117.343284148277,-88.6448262550626,96.5359224085993,-13.2588522614355,-0.0994513641543388,34.5375835678308,-20.1997290778669,16.004363538664
"TUR_1c",145.726855313042,652.015515309248,-117.343284148277,-88.6448262550625,96.5359224085994,-13.2588522614355,-0.099451364154362,34.5375835678307,-20.1997290778668,16.0043635386639
"UKCA042302",-952.577688376912,-197.861616892071,-128.343055178637,57.4082798537414,54.1661487114998,42.3329637964833,-48.1944443320208,-108.467887571154,9.70371010017586,-16.1473591561268
"UKCA042310",-952.577688376912,-197.861616892071,-128.343055178637,57.4082798537414,54.1661487114998,42.3329637964832,-48.1944443320209,-108.467887571154,9.70371010017559,-16.1473591561267
"UKCA042316",-952.577688376912,-197.861616892071,-128.343055178637,57.4082798537414,54.1661487114999,42.3329637964834,-48.1944443320208,-108.467887571155,9.70371010017571,-16.1473591561269
"UKCA042327",-952.577688376913,-197.861616892071,-128.343055178637,57.4082798537413,54.1661487114999,42.3329637964831,-48.1944443320211,-108.467887571154,9.70371010017584,-16.1473591561269
"UKCA092201",-952.577688376913,-197.861616892071,-128.343055178637,57.4082798537413,54.1661487115,42.3329637964833,-48.1944443320211,-108.467887571155,9.7037101001758,-16.147359156127
"UKCA092202",-952.577688376913,-197.861616892071,-128.343055178637,57.4082798537413,54.1661487114999,42.3329637964832,-48.194444332021,-108.467887571155,9.70371010017572,-16.1473591561269
"UKCA092203",-952.577688376913,-197.861616892071,-128.343055178637,57.4082798537411,54.1661487115001,42.3329637964835,-48.1944443320215,-108.467887571155,9.70371010017574,-16.1473591561271
"UKCA092204",-952.577688376913,-197.861616892071,-128.343055178637,57.408279853741,54.1661487115001,42.3329637964833,-48.1944443320218,-108.467887571154,9.70371010017596,-16.1473591561276
"UKCA092205",-952.577688376913,-197.861616892071,-128.343055178637,57.4082798537407,54.1661487115001,42.3329637964833,-48.1944443320219,-108.467887571155,9.70371010017602,-16.1473591561272
