"","strain","country","latitude","longitude","host","pot.field","fs_level_4","anc1","anc2","anc5","anc6","anc7","wind_coord1","wind_coord2","wind_coord3","bio2","bio3","bio4","bio7","bio8","bio16","bio19","hurs_range","rsds_range","vpd_range","clt_mean","clt_range"
"CZUH052302","tritici","Czech Republic",49.0775319,17.4611247,"6n","Field","N_EUR",0.037484,1e-05,1e-05,0.734071,0.228385,-0.612554333670091,-0.104038879910575,-0.104869766015323,-0.29358391480367,-0.774852075773055,0.943991126335732,0.607853210810063,0.874467169374478,-0.203640731092692,-0.774207840408944,0.0452278863500278,-0.657492384728982,-0.27603098365376,0.641166550154339,-0.211806138957959
"DEBD052307","tritici","Germany",52.460509,13.297172,"6n","Field","N_EUR",1e-05,0.009071,0.003951,0.986918,1e-05,-0.879199605127373,-0.515733548967994,-0.799754369022025,-0.801603729761744,-0.790611183055122,0.0789729754455923,-0.455151345776667,0.874467169374478,-0.396936740658929,-0.270921615020462,0.886924016009267,-0.825346506636512,-0.531054102401809,1.03304556424124,-0.173828075101458
"DEBD052318","tritici","Germany",52.460509,13.297172,"6n","Field","S_EUR1",0.351891,1e-05,0.00531,0.642739,1e-05,-0.879199605127373,-0.515733548967994,-0.799754369022025,-0.801603729761744,-0.790611183055122,0.0789729754455923,-0.455151345776667,0.874467169374478,-0.396936740658929,-0.270921615020462,0.886924016009267,-0.825346506636512,-0.531054102401809,1.03304556424124,-0.173828075101458
"DEHO062206","tritici","Germany",48.737211,9.20339,"6n","Field","N_EUR",1e-05,1e-05,1e-05,0.99992,1e-05,-0.56709619638693,-0.266619307497073,-0.243909299276427,-0.208913945643991,0.0288631470658971,-0.190204613702711,-0.358514567905147,0.434844330126107,0.563100106853384,-0.056216940886844,-0.482717714690715,-0.929932536440432,-0.73598339425292,0.884096074724045,-0.711597459309514
"DEHO062208","tritici","Germany",48.737211,9.20339,"6n","Field","N_EUR",1e-05,1e-05,1e-05,0.99992,1e-05,-0.56709619638693,-0.266619307497073,-0.243909299276427,-0.208913945643991,0.0288631470658971,-0.190204613702711,-0.358514567905147,0.434844330126107,0.563100106853384,-0.056216940886844,-0.482717714690715,-0.929932536440432,-0.73598339425292,0.884096074724045,-0.711597459309514
"DEHO062211","tritici","Germany",48.737211,9.20339,"6n","Field","N_EUR",1e-05,1e-05,1e-05,0.99992,1e-05,-0.56709619638693,-0.266619307497073,-0.243909299276427,-0.208913945643991,0.0288631470658971,-0.190204613702711,-0.358514567905147,0.434844330126107,0.563100106853384,-0.056216940886844,-0.482717714690715,-0.929932536440432,-0.73598339425292,0.884096074724045,-0.711597459309514
"DEHO062214","tritici","Germany",48.737211,9.20339,"6n","Field","N_EUR",1e-05,1e-05,1e-05,0.99992,1e-05,-0.56709619638693,-0.266619307497073,-0.243909299276427,-0.208913945643991,0.0288631470658971,-0.190204613702711,-0.358514567905147,0.434844330126107,0.563100106853384,-0.056216940886844,-0.482717714690715,-0.929932536440432,-0.73598339425292,0.884096074724045,-0.711597459309514
"DEHO062215","tritici","Germany",48.737211,9.20339,"6n","Field","N_EUR",1e-05,1e-05,1e-05,0.99992,1e-05,-0.56709619638693,-0.266619307497073,-0.243909299276427,-0.208913945643991,0.0288631470658971,-0.190204613702711,-0.358514567905147,0.434844330126107,0.563100106853384,-0.056216940886844,-0.482717714690715,-0.929932536440432,-0.73598339425292,0.884096074724045,-0.711597459309514
"DEHO062232","tritici","Germany",48.715945,9.189,"6n","Field","N_EUR",1e-05,1e-05,1e-05,0.99992,1e-05,-0.56709619638693,-0.266619307497073,-0.243909299276427,-0.208913945643991,-0.00265506749823823,-0.141843894296406,-0.310196178969386,0.474810042785047,0.545918239336385,-0.110470272522758,-0.45556622663719,-0.920894237568489,-0.716502461570777,0.819373975112408,-0.792110954685297
"DEHO062233","tritici","Germany",48.712669,9.196224,"6n","Field","N_EUR",1e-05,1e-05,1e-05,0.99992,1e-05,-0.56709619638693,-0.266619307497073,-0.243909299276427,-0.208913945643991,-0.0184141747803059,-0.141843894296406,-0.310196178969386,0.474810042785047,0.556656906534509,-0.102389989087622,-0.45556622663719,-0.922185423121623,-0.715743464193551,0.819373975112408,-0.792110954685297
"DEHO062240","tritici","Germany",48.712669,9.196224,"6n","Field","N_EUR",1e-05,1e-05,1e-05,0.99992,1e-05,-0.56709619638693,-0.266619307497073,-0.243909299276427,-0.208913945643991,-0.0184141747803059,-0.141843894296406,-0.310196178969386,0.474810042785047,0.556656906534509,-0.102389989087622,-0.45556622663719,-0.922185423121623,-0.715743464193551,0.819373975112408,-0.792110954685297
"DEHO062314","tritici","Germany",48.7402585,9.2026698,"6n","Field","N_EUR",1e-05,1e-05,1e-05,0.99992,1e-05,-0.56709619638693,-0.266619307497073,-0.243909299276427,-0.208913945643991,0.0288631470658971,-0.190204613702711,-0.358514567905147,0.434844330126107,0.563100106853384,-0.056216940886844,-0.482717714690715,-0.929932536440432,-0.73598339425292,0.884096074724045,-0.711597459309514
"DEHO062320","tritici","Germany",48.712513,9.1941663,"6n","Field","N_EUR",1.2e-05,1e-05,1e-05,0.999918,1e-05,-0.56709619638693,-0.266619307497073,-0.243909299276427,-0.208913945643991,-0.0184141747803059,-0.141843894296406,-0.310196178969386,0.474810042785047,0.556656906534509,-0.102389989087622,-0.45556622663719,-0.922185423121623,-0.715743464193551,0.819373975112408,-0.792110954685297
"ESAN032201","tritici","Spain",37.35194444,-5.938055556,"4n","Field","S_EUR2",0.99992,1e-05,1e-05,1e-05,1e-05,0.279754322793113,-0.906621433726476,1.45269711377565,1.01880060717136,1.05320624758055,-0.684761404612475,0.414579655067021,0.354912904808225,0.575986507491133,0.766817643292026,0.211153646677118,1.72022581136881,1.03273349381019,-0.965360086781093,0.610039162896727
"ESAN032203","tritici","Spain",37.35194444,-5.938055556,"4n","Field","S_EUR2",0.99992,1e-05,1e-05,1e-05,1e-05,0.279754322793113,-0.906621433726476,1.45269711377565,1.01880060717136,1.05320624758055,-0.684761404612475,0.414579655067021,0.354912904808225,0.575986507491133,0.766817643292026,0.211153646677118,1.72022581136881,1.03273349381019,-0.965360086781093,0.610039162896727
"ESAN032205","tritici","Spain",37.35194444,-5.938055556,"4n","Field","S_EUR2",0.99992,1e-05,1e-05,1e-05,1e-05,0.279754322793113,-0.906621433726476,1.45269711377565,1.01880060717136,1.05320624758055,-0.684761404612475,0.414579655067021,0.354912904808225,0.575986507491133,0.766817643292026,0.211153646677118,1.72022581136881,1.03273349381019,-0.965360086781093,0.610039162896727
"ESAN032208","tritici","Spain",37.35194444,-5.938055556,"6n","Field","S_EUR2",0.79701,1e-05,1e-05,0.20292,1e-05,0.279754322793113,-0.906621433726476,1.45269711377565,1.01880060717136,1.05320624758055,-0.684761404612475,0.414579655067021,0.354912904808225,0.575986507491133,0.766817643292026,0.211153646677118,1.72022581136881,1.03273349381019,-0.965360086781093,0.610039162896727
"ESAN032210","tritici","Spain",37.35194444,-5.938055556,"6n","Field","S_EUR2",0.999917,1e-05,1e-05,1.2e-05,1e-05,0.279754322793113,-0.906621433726476,1.45269711377565,1.01880060717136,1.05320624758055,-0.684761404612475,0.414579655067021,0.354912904808225,0.575986507491133,0.766817643292026,0.211153646677118,1.72022581136881,1.03273349381019,-0.965360086781093,0.610039162896727
"ESAN032212","tritici","Spain",37.53833333,-5.107222222,"4n","Field","S_EUR2",0.99992,1e-05,1e-05,1e-05,1e-05,0.279754322793113,-0.906621433726476,1.45269711377565,1.18814054549071,0.911373906315185,-0.166480487201504,0.825285961020985,0.195050054172451,0.612497975964756,0.849929130053427,1.70750232162688,1.78413949624899,1.56580265174882,-0.93255573492314,0.70422476126085
"ESAN032214","tritici","Spain",37.53833333,-5.107222222,"4n","Field","S_EUR2",0.99992,1e-05,1e-05,1e-05,1e-05,0.279754322793113,-0.906621433726476,1.45269711377565,1.18814054549071,0.911373906315185,-0.166480487201504,0.825285961020985,0.195050054172451,0.612497975964756,0.849929130053427,1.70750232162688,1.78413949624899,1.56580265174882,-0.93255573492314,0.70422476126085
"ESAN032215","tritici","Spain",37.53833333,-5.107222222,"4n","Field","S_EUR2",0.99992,1e-05,1e-05,1e-05,1e-05,0.279754322793113,-0.906621433726476,1.45269711377565,1.18814054549071,0.911373906315185,-0.166480487201504,0.825285961020985,0.195050054172451,0.612497975964756,0.849929130053427,1.70750232162688,1.78413949624899,1.56580265174882,-0.93255573492314,0.70422476126085
"ESAN032216","tritici","Spain",37.53833333,-5.107222222,"6n","Field","S_EUR2",0.99992,1e-05,1e-05,1e-05,1e-05,0.279754322793113,-0.906621433726476,1.45269711377565,1.18814054549071,0.911373906315185,-0.166480487201504,0.825285961020985,0.195050054172451,0.612497975964756,0.849929130053427,1.70750232162688,1.78413949624899,1.56580265174882,-0.93255573492314,0.70422476126085
"ESAN032219","tritici","Spain",37.53833333,-5.107222222,"4n","Field","S_EUR2",0.99992,1e-05,1e-05,1e-05,1e-05,0.279754322793113,-0.906621433726476,1.45269711377565,1.18814054549071,0.911373906315185,-0.166480487201504,0.825285961020985,0.195050054172451,0.612497975964756,0.849929130053427,1.70750232162688,1.78413949624899,1.56580265174882,-0.93255573492314,0.70422476126085
"ESAN032222","tritici","Spain",37.45583333,-6.364444444,"4n","Field","S_EUR2",0.99992,1e-05,1e-05,1e-05,1e-05,0.255097895800834,-0.981803593124569,1.60006851945303,0.976465622591516,0.990169818452277,-0.618151357128319,0.414579655067021,0.314947192149284,0.829419053366867,1.05193621593183,0.793402223824907,1.66793279646685,1.16935302171093,-0.972452919615245,0.641940736536188
"ESAN032225","tritici","Spain",37.45583333,-6.364444444,"4n","Field","S_EUR2",0.99992,1e-05,1e-05,1e-05,1e-05,0.255097895800834,-0.981803593124569,1.60006851945303,0.976465622591516,0.990169818452277,-0.618151357128319,0.414579655067021,0.314947192149284,0.829419053366867,1.05193621593183,0.793402223824907,1.66793279646685,1.16935302171093,-0.972452919615245,0.641940736536188
"ESAN032226","tritici","Spain",37.45583333,-6.364444444,"4n","Field","S_EUR2",0.978311,1e-05,1e-05,0.021619,1e-05,0.255097895800834,-0.981803593124569,1.60006851945303,0.976465622591516,0.990169818452277,-0.618151357128319,0.414579655067021,0.314947192149284,0.829419053366867,1.05193621593183,0.793402223824907,1.66793279646685,1.16935302171093,-0.972452919615245,0.641940736536188
"ESAN032227","tritici","Spain",37.45583333,-6.364444444,"6n","Field","S_EUR2",0.99992,1e-05,1e-05,1e-05,1e-05,0.255097895800834,-0.981803593124569,1.60006851945303,0.976465622591516,0.990169818452277,-0.618151357128319,0.414579655067021,0.314947192149284,0.829419053366867,1.05193621593183,0.793402223824907,1.66793279646685,1.16935302171093,-0.972452919615245,0.641940736536188
"ESAN042303","tritici","Spain",37.77916667,-4.78833333,"4n","Field","S_EUR2",0.99992,1e-05,1e-05,1e-05,1e-05,0.233372509827234,-0.871111841762672,1.35097063711391,1.18814054549071,0.785301048058645,0.00688812953808081,0.994400322296148,0.175067197842975,0.774651850656433,0.993065579475839,1.74370430569824,1.98169088587861,1.71026515254756,-0.91482365283776,0.71637774169493
"ESAN042310","tritici","Spain",37.77916667,-4.78833333,"4n","Field","S_EUR2",0.99992,1e-05,1e-05,1e-05,1e-05,0.233372509827234,-0.871111841762672,1.35097063711391,1.18814054549071,0.785301048058645,0.00688812953808081,0.994400322296148,0.175067197842975,0.774651850656433,0.993065579475839,1.74370430569824,1.98169088587861,1.71026515254756,-0.91482365283776,0.71637774169493
"ESAN042315","tritici","Spain",37.45472222,-6.36333333,"4n","Field","S_EUR2",0.994141,1e-05,1e-05,1e-05,1e-05,0.255097895800834,-0.981803593124569,1.60006851945303,0.976465622591516,0.990169818452277,-0.618151357128319,0.414579655067021,0.314947192149284,0.829419053366867,1.05193621593183,0.793402223824907,1.66793279646685,1.16935302171093,-0.972452919615245,0.641940736536188
"ESAN042318","tritici","Spain",37.45472222,-6.36333333,"4n","Field","S_EUR2",0.99992,1e-05,1e-05,1e-05,1e-05,0.255097895800834,-0.981803593124569,1.60006851945303,0.976465622591516,0.990169818452277,-0.618151357128319,0.414579655067021,0.314947192149284,0.829419053366867,1.05193621593183,0.793402223824907,1.66793279646685,1.16935302171093,-0.972452919615245,0.641940736536188
"ESCT052202","tritici","Spain",41.69156,0.42648,"4n","Field","S_EUR2",0.394732,1e-05,1e-05,0.605198,1e-05,-0.0573301160184312,-0.543062435230369,0.999831993258732,1.14580556091087,0.643469082520038,0.318951639669333,1.09103710016767,0.974381451021835,-1.04018290582658,-1.06278939166381,0.651611119545394,1.21408107453996,0.947219789309352,-0.72863679094127,-0.751094645720276
"ESCT052207","tritici","Spain",41.98899,1.56179,"6n","Field","S_EUR2",0.407186,1e-05,1e-05,0.592744,1e-05,-0.093487133726209,-0.518479967590808,0.979207097841162,0.764790699692318,0.738023726212443,-0.238565333109017,0.414579655067021,0.714604318738715,-0.178941796537006,-0.755738621128633,-1.47525544464731,0.430977036563681,-0.265405020372591,-0.420098562655657,-1.19467843156421
"ESCT052302","tritici","Spain",41.69156,0.42648,"4n","Field","S_EUR2",0.878199,1e-05,1e-05,0.121731,1e-05,-0.0573301160184312,-0.543062435230369,0.999831993258732,1.14580556091087,0.643469082520038,0.318951639669333,1.09103710016767,0.974381451021835,-1.04018290582658,-1.06278939166381,0.651611119545394,1.21408107453996,0.947219789309352,-0.72863679094127,-0.751094645720276
"ESCT052307","tritici","Spain",41.69156,0.42648,"6n","Field","S_EUR2",0.34416,1e-05,1e-05,0.65577,1e-05,-0.0573301160184312,-0.543062435230369,0.999831993258732,1.14580556091087,0.643469082520038,0.318951639669333,1.09103710016767,0.974381451021835,-1.04018290582658,-1.06278939166381,0.651611119545394,1.21408107453996,0.947219789309352,-0.72863679094127,-0.751094645720276
"ESCT052309","tritici","Spain",41.69156,0.42648,"6n","Field","S_EUR2",0.390355,1e-05,1e-05,0.609575,1e-05,-0.0573301160184312,-0.543062435230369,0.999831993258732,1.14580556091087,0.643469082520038,0.318951639669333,1.09103710016767,0.974381451021835,-1.04018290582658,-1.06278939166381,0.651611119545394,1.21408107453996,0.947219789309352,-0.72863679094127,-0.751094645720276
"ESCT062210","tritici","Spain",41.69156,0.42648,"6n","Field","S_EUR2",0.357385,1e-05,1e-05,0.640735,1e-05,-0.0573301160184312,-0.543062435230369,0.999831993258732,1.14580556091087,0.643469082520038,0.318951639669333,1.09103710016767,0.974381451021835,-1.04018290582658,-1.06278939166381,0.651611119545394,1.21408107453996,0.947219789309352,-0.72863679094127,-0.751094645720276
"ESCT062211","tritici","Spain",41.69156,0.42648,"4n","Field","S_EUR2",0.885809,1e-05,1e-05,0.114121,1e-05,-0.0573301160184312,-0.543062435230369,0.999831993258732,1.14580556091087,0.643469082520038,0.318951639669333,1.09103710016767,0.974381451021835,-1.04018290582658,-1.06278939166381,0.651611119545394,1.21408107453996,0.947219789309352,-0.72863679094127,-0.751094645720276
"ESCT062216","tritici","Spain",41.69156,0.42648,"4n","Field","S_EUR2",0.45915,1e-05,1e-05,0.54078,1e-05,-0.0573301160184312,-0.543062435230369,0.999831993258732,1.14580556091087,0.643469082520038,0.318951639669333,1.09103710016767,0.974381451021835,-1.04018290582658,-1.06278939166381,0.651611119545394,1.21408107453996,0.947219789309352,-0.72863679094127,-0.751094645720276
"ESCT062217","tritici","Spain",41.69156,0.42648,"4n","Field","S_EUR2",0.9206,1e-05,1e-05,0.073632,1e-05,-0.0573301160184312,-0.543062435230369,0.999831993258732,1.14580556091087,0.643469082520038,0.318951639669333,1.09103710016767,0.974381451021835,-1.04018290582658,-1.06278939166381,0.651611119545394,1.21408107453996,0.947219789309352,-0.72863679094127,-0.751094645720276
"ESCT062219","tritici","Spain",41.69156,0.42648,"4n","Field","S_EUR2",0.891002,1e-05,1e-05,0.108928,1e-05,-0.0573301160184312,-0.543062435230369,0.999831993258732,1.14580556091087,0.643469082520038,0.318951639669333,1.09103710016767,0.974381451021835,-1.04018290582658,-1.06278939166381,0.651611119545394,1.21408107453996,0.947219789309352,-0.72863679094127,-0.751094645720276
"ESCT062221","tritici","Spain",41.69156,0.42648,"6n","Field","S_EUR2",0.409363,1e-05,1e-05,0.590567,1e-05,-0.0573301160184312,-0.543062435230369,0.999831993258732,1.14580556091087,0.643469082520038,0.318951639669333,1.09103710016767,0.974381451021835,-1.04018290582658,-1.06278939166381,0.651611119545394,1.21408107453996,0.947219789309352,-0.72863679094127,-0.751094645720276
"ESCT062224","tritici","Spain",41.69156,0.42648,"6n","Field","S_EUR2",0.430681,1e-05,1e-05,0.569249,1e-05,-0.0573301160184312,-0.543062435230369,0.999831993258732,1.14580556091087,0.643469082520038,0.318951639669333,1.09103710016767,0.974381451021835,-1.04018290582658,-1.06278939166381,0.651611119545394,1.21408107453996,0.947219789309352,-0.72863679094127,-0.751094645720276
"ESCT062226","tritici","Spain",41.69156,0.42648,"6n","Field","S_EUR2",0.512169,1e-05,1e-05,0.487761,1e-05,-0.0573301160184312,-0.543062435230369,0.999831993258732,1.14580556091087,0.643469082520038,0.318951639669333,1.09103710016767,0.974381451021835,-1.04018290582658,-1.06278939166381,0.651611119545394,1.21408107453996,0.947219789309352,-0.72863679094127,-0.751094645720276
"FRNE052204","tritici","France",49.14827083,4.360349464,"6n","Field","N_EUR",1e-05,1e-05,1e-05,0.99992,1e-05,-0.60010501828402,-0.449292844330882,-0.325386699672147,-0.547593822282707,0.0288631470658971,-0.795169839483474,-0.962494429602153,-1.32364702686739,-0.289550068677686,0.131938230531327,0.214170478683065,-0.479954371172944,-0.723333437965814,0.922220051207613,-0.340931556070063
"FRNE052205","tritici","France",49.14827083,4.360349464,"6n","Field","N_EUR",1e-05,1e-05,1e-05,0.99992,1e-05,-0.60010501828402,-0.449292844330885,-0.325386699672147,-0.547593822282707,0.0288631470658971,-0.795169839483474,-0.962494429602153,-1.32364702686739,-0.289550068677686,0.131938230531327,0.214170478683065,-0.479954371172944,-0.723333437965814,0.922220051207613,-0.340931556070063
"FRNE052208","tritici","France",49.05512806,4.436114757,"6n","Field","N_EUR",1e-05,1e-05,1e-05,0.99992,1e-05,-0.60010501828402,-0.449292844330885,-0.325386699672147,-0.589928806862547,-0.00265506749823823,-0.755021317712202,-0.962494429602153,-1.32364702686739,-0.151021261821882,0.2727660275437,0.247355630748483,-0.461232180652489,-0.713972470313356,0.941725341501531,-0.24370771259742
"GRTH052302","tritici","Greece",40.53605,23.00096,"6n","Field","S_EUR2",0.616342,1e-05,0.018783,0.239316,0.122741,0.217993230771313,1.93759992828898,1.85758694935607,-1.35195852929966,-1.57856729861201,0.352712896613358,-0.406832956840907,-0.224589928746455,-0.427005008813677,-0.214359630974509,-1.03479797177903,0.851257934109069,0.443498529956806,-0.56816144806858,1.49113024436755
"GRTH052303","tritici","Greece",40.53404,22.98472,"6n","Field","S_EUR2",0.99992,1e-05,1e-05,1e-05,1e-05,0.217993230771313,1.93759992828898,1.85758694935607,-1.35195852929966,-1.59432640589407,0.379174422326242,-0.430992151308788,-0.224589928746455,-0.414118608175928,-0.208587999949412,-1.07401678785635,0.890639093479682,0.456907483621138,-0.562841823442966,1.53670392099536
"GRTH052305","tritici","Greece",40.53605,23.00096,"6n","Field","S_EUR1",0.246843,0.01988,1e-05,0.515474,0.217754,0.217993230771313,1.93759992828898,1.85758694935607,-1.35195852929966,-1.57856729861201,0.352712896613358,-0.406832956840907,-0.224589928746455,-0.427005008813677,-0.214359630974509,-1.03479797177903,0.851257934109069,0.443498529956806,-0.56816144806858,1.49113024436755
"HUMV062206","tritici","Hungary",47.32902778,18.78938889,"6n","Field","N_EUR",1e-05,1e-05,1e-05,0.828107,0.166241,-0.512909415023341,0.0847462507015777,0.281600125104147,-0.166578961064151,-0.727574753926852,1.2177310475035,0.801126766553105,1.43398714659968,-0.433448209132552,-0.659929546112018,0.53093783930751,-0.201058291695821,0.00555704329721069,0.380504943499252,0.269755710742477
"HUMV062211","tritici","Hungary",47.31086111,18.78030556,"6n","Field","N_EUR",0.007885,1e-05,1e-05,0.793946,0.198109,-0.512909415023341,0.0847462507015777,0.281600125104148,-0.166578961064151,-0.727574753926852,1.21408118188793,0.776967572085225,1.43398714659968,-0.443113009610864,-0.664546850932096,0.506803183259933,-0.178462544515961,0.0128940179437319,0.360113049101065,0.177089234932613
"HUMV062213","tritici","Hungary",47.31369444,18.77347222,"6n","Field","N_EUR",0.021883,1e-05,0.00237,0.738148,0.237548,-0.512909415023341,0.0847462507015777,0.281600125104147,-0.166578961064151,-0.727574753926852,1.20769391706068,0.776967572085225,1.41400429027022,-0.446334609770301,-0.669164155752174,0.50982001526588,-0.17329780230342,0.00353305029127363,0.368092486039486,0.221143789006155
"HUMV062215","tritici","Hungary",47.31869444,18.77466667,"6n","Field","N_EUR",1e-05,1e-05,1e-05,0.931747,0.068183,-0.512909415023341,0.0847462507015777,0.281600125104147,-0.166578961064151,-0.743333861208919,1.20769391706068,0.801126766553105,1.43398714659968,-0.451703943369363,-0.671472808162213,0.506803183259933,-0.181690508398798,0.00758103630314748,0.368092486039486,0.221143789006155
"HUMV062226","tritici","Hungary",47.30725,18.81463889,"6n","Field","N_EUR",1e-05,1e-05,1e-05,0.82841,0.171511,-0.512909415023341,0.0847462507015777,0.281600125104147,-0.166578961064151,-0.711815646644784,1.20769391706068,0.776967572085225,1.43398714659968,-0.432374342412739,-0.65646656749696,0.521887343289668,-0.192019992823875,0.0202309925902531,0.3734121106651,0.242411504765795
"HUMV062227","tritici","Hungary",47.30636111,18.81702778,"6n","Field","N_EUR",1e-05,1e-05,0.000187,0.761617,0.238137,-0.512909415023341,0.0847462507015777,0.281600125104147,-0.166578961064151,-0.711815646644784,1.17758252573223,0.752808377617345,1.41400429027022,-0.42378340865424,-0.650694936471862,0.546021999337245,-0.191374400047309,0.00935203018334237,0.3734121106651,0.242411504765795
"HUMV062231","tritici","Hungary",47.32780556,18.78963889,"6n","Field","N_EUR",1e-05,1.7e-05,1e-05,0.805691,0.194232,-0.512909415023341,0.0847462507015777,0.281600125104147,-0.166578961064151,-0.727574753926852,1.2177310475035,0.801126766553105,1.43398714659968,-0.433448209132552,-0.659929546112018,0.53093783930751,-0.201058291695821,0.00555704329721069,0.380504943499252,0.269755710742477
"HUMV062309","tritici","Hungary",47.30111111,18.82111111,"6n","Field","N_EUR",1e-05,1e-05,0.003665,0.733749,0.254379,-0.512909415023341,0.0847462507015777,0.281600125104147,-0.166578961064151,-0.711815646644784,1.17758252573223,0.752808377617345,1.41400429027022,-0.42378340865424,-0.650694936471862,0.546021999337245,-0.191374400047309,0.00935203018334237,0.3734121106651,0.242411504765795
"HUMV062323","tritici","Hungary",47.32863889,18.79108333,"6n","Field","N_EUR",0.006962,1e-05,0.014884,0.739529,0.238574,-0.512909415023341,0.0847462507015777,0.281600125104147,-0.166578961064151,-0.727574753926852,1.2177310475035,0.801126766553105,1.43398714659968,-0.433448209132552,-0.659929546112018,0.53093783930751,-0.201058291695821,0.00555704329721069,0.380504943499252,0.269755710742477
"HUMV062350","tritici","Hungary",47.31733333,18.77555556,"4n","Field","S_EUR2",0.906199,1e-05,1e-05,0.093731,1e-05,-0.512909415023341,0.0847462507015777,0.281600125104147,-0.166578961064151,-0.711815646644784,1.20951884986847,0.776967572085225,1.43398714659968,-0.444186876330676,-0.666855503342135,0.515853679277774,-0.188146436164473,0.00429204766850013,0.360113049101065,0.177089234932613
"HUSZ062201","tritici","Hungary",47.454871,18.507523,"4n","Field","S_EUR2",0.93596,1e-05,0.009001,0.041946,1e-05,-0.512909415023341,0.0847462507015777,0.281600125104146,-0.208913945643991,-0.727574753926852,1.1191846758831,0.680330794213704,1.31409000862286,-0.327135403871121,-0.618373802731318,0.799435887836802,-0.205577441131791,-0.101967585143187,0.439020814381006,0.366979554215119
"IEKD072305","tritici","Ireland",52.99183,-6.98573,"6n","Field","N_EUR",1e-05,1e-05,1e-05,0.99992,1e-05,-0.910800636458512,-0.714948802931619,-0.959810196474263,-1.22495357556014,0.596191760673836,-2.59090372234402,-2.55700126448225,-1.18376703256108,0.514776104461825,0.743731119191637,-0.766299923249741,-1.45286268546004,-1.43071899354076,1.49407969846112,-2.21552878802696
"IEKD072313","tritici","Ireland",52.99183,-6.98573,"6n","Field","N_EUR",1e-05,1e-05,1e-05,0.999911,1.9e-05,-0.910800636458512,-0.714948802931619,-0.959810196474263,-1.22495357556014,0.596191760673836,-2.59090372234402,-2.55700126448225,-1.18376703256108,0.514776104461825,0.743731119191637,-0.766299923249741,-1.45286268546004,-1.43071899354076,1.49407969846112,-2.21552878802696
"IELO072305","tritici","Ireland",52.99795,-6.40595,"6n","Field","N_EUR",1e-05,1e-05,1e-05,0.99992,1e-05,-0.910800636458512,-0.714948802931619,-0.959810196474263,-1.22495357556014,0.62770997523797,-2.67667556430992,-2.60531965341801,-1.64337272813893,3.15648823520041,3.17820508557766,-1.14038709198718,-0.91314712424968,-1.77302681066984,1.75651451332474,-1.85245849755881
"IELO072310","tritici","Ireland",52.99795,-6.40595,"6n","Field","N_EUR",1e-05,1e-05,1e-05,0.99992,1e-05,-0.910800636458512,-0.714948802931619,-0.959810196474263,-1.22495357556014,0.62770997523797,-2.67667556430992,-2.60531965341801,-1.64337272813893,3.15648823520041,3.17820508557766,-1.14038709198718,-0.91314712424968,-1.77302681066984,1.75651451332474,-1.85245849755881
"IEME072202","tritici","Ireland",53.5240744,-6.6356433,"6n","Field","N_EUR",1e-05,1e-05,1e-05,0.999905,1e-05,-0.950115960682564,-0.724756513585057,-1.00199465151468,-1.26728856013998,0.533154955818811,-2.5562299989961,-2.55700126448225,-1.20374988889055,0.541622772457136,0.788749841187395,-0.905074195523308,-1.31018668183864,-1.45298291660607,1.43024420295375,-2.2519877293292
"ILIL042201","tritici","Israel",31.993333,34.818028,"6n","Field","ME",1e-05,1e-05,0.989248,1e-05,1e-05,2.11426451293287,-0.123844200040209,-0.929891990421214,-0.589928806862547,0.81681926262278,-1.82534440947817,-1.7597478470422,0.135101485184034,2.36182686253921,3.18166806419272,-0.886973203487625,-0.137790199592213,-0.732947404744014,-1.67109695377922,-0.802744812565117
"ILIL042215","tritici","Israel",33.108367,35.577367,"6n","Field","ME",1e-05,0.981233,1e-05,1e-05,1e-05,1.91678552642466,0.00308314019001662,-0.884801976257087,1.01880060717136,1.73084861216296,-1.01507424282158,-0.286036984501506,-0.364469923052754,1.51239828716757,2.26859603602233,-0.769316755255689,0.445180077648163,0.0440129104100115,-1.25793944118986,0.0859418816770107
"ILIL042254","tritici","Israel",32.572778,35.403583,"6n","Field","ME",1e-05,0.729529,0.270401,1e-05,1e-05,2.00522743954156,-0.0746767738905849,-0.896327494482078,1.23047553007055,1.54173857332464,-0.720347594364284,0.148828515920339,-0.144658503428563,0.872373722159364,1.58061761783074,-1.44508712458784,0.058470004484281,0.366586795731205,-1.35812570497226,-0.169270707438677
"ILIL042256","tritici","Israel",32.572778,35.403583,"6n","Field","ME",1e-05,0.99677,1e-05,1e-05,1e-05,2.00522743954156,-0.0746767738905852,-0.896327494482078,1.23047553007055,1.54173857332464,-0.720347594364284,0.148828515920339,-0.144658503428563,0.872373722159364,1.58061761783074,-1.44508712458784,0.058470004484281,0.366586795731205,-1.35812570497226,-0.169270707438677
"ILIL042271","tritici","Israel",32.607468,35.251815,"6n","Field","ME",1e-05,1e-05,0.99992,1e-05,1e-05,2.00522743954156,-0.0746767738905852,-0.896327494482078,1.01880060717136,1.49446162720519,-0.845355491697564,-0.0686042342905838,-0.224589928746455,1.00553319541611,1.72375406725315,-1.39380098048674,0.139169101555208,0.157862516993962,-1.40245591018571,-0.293838756888001
"ITBO062201","tritici","Italy",44.552823,11.410973,"4n","Field","S_EUR2",0.99992,1e-05,1e-05,1e-05,1e-05,-0.287691795665617,-0.0882447336811036,0.779565988710534,0.383775838473763,-0.191764354883048,0.988701980126467,0.994400322296148,0.274981479490332,-0.283106868358812,-0.342489839731668,0.874856687985479,0.936476180615967,0.914582902088619,-0.247210762323202,0.218105543897635
"ITBO062202","tritici","Italy",44.552823,11.410973,"4n","Field","S_EUR2",0.738471,1e-05,0.04852,0.157576,0.030329,-0.287691795665617,-0.0882447336811036,0.779565988710534,0.383775838473763,-0.191764354883048,0.988701980126467,0.994400322296148,0.274981479490332,-0.283106868358812,-0.342489839731668,0.874856687985479,0.936476180615967,0.914582902088619,-0.247210762323202,0.218105543897635
"ITMA052201","tritici","Italy",43.233998,13.35464,"4n","Field","S_EUR2",0.99992,1e-05,1e-05,1e-05,1e-05,-0.270470274289427,0.221797283847997,2.33715235028031,0.214435900154404,0.0603813616300315,0.196681141547731,0.366261266131261,0.294964335819808,0.036905414145293,0.0846108561255291,0.301658606855531,0.818978295280698,0.444510526459775,-0.324345319394605,0.959437350376538
"ITMA052208","tritici","Italy",43.233998,13.35464,"4n","Field","S_EUR2",0.948334,1e-05,0.051596,1e-05,1e-05,-0.270470274289427,0.221797283847997,2.33715235028031,0.214435900154404,0.0603813616300315,0.196681141547731,0.366261266131261,0.294964335819808,0.036905414145293,0.0846108561255291,0.301658606855531,0.818978295280698,0.444510526459775,-0.324345319394605,0.959437350376538
"ITMA052213","tritici","Italy",43.232502,13.412216,"6n","Field","S_EUR2",0.99992,1e-05,1e-05,1e-05,1e-05,-0.270470274289427,0.221797283847997,2.33715235028031,0.299105869314084,0.139176898040369,0.144670556525855,0.366261266131261,0.294964335819808,0.0057632792707324,0.0626786582301598,0.0753962064094987,1.02556798378227,0.415921625250916,-0.358036275356827,0.894115080543356
"ITSA052301","tritici","Italy",39.418623,9.081852,"4n","Field","S_EUR1",0.69363,1e-05,1e-05,0.3063,1e-05,0.250167626231237,-0.0396747900818098,1.64065976555486,0.0874309464148855,0.375563882998136,-0.796994772291258,-0.286036984501506,0.175067197842975,0.604980908926069,0.766817643292026,0.25037246275443,1.31931269712044,0.294735044020445,-0.789812474135831,0.531044790075204
"ITSA052302","tritici","Italy",39.418623,9.081852,"4n","Field","S_EUR2",0.997702,1e-05,0.002228,1e-05,1e-05,0.250167626231237,-0.0396747900818098,1.64065976555486,0.0874309464148855,0.375563882998136,-0.796994772291258,-0.286036984501506,0.175067197842975,0.604980908926069,0.766817643292026,0.25037246275443,1.31931269712044,0.294735044020445,-0.789812474135831,0.531044790075204
"ITSA052303","tritici","Italy",39.418623,9.081852,"4n","Field","S_EUR2",0.841344,1e-05,1e-05,0.158586,1e-05,0.250167626231237,-0.0396747900818098,1.64065976555486,0.0874309464148855,0.375563882998136,-0.796994772291258,-0.286036984501506,0.175067197842975,0.604980908926069,0.766817643292026,0.25037246275443,1.31931269712044,0.294735044020445,-0.789812474135831,0.531044790075204
"LTKD062206","tritici","Lithuania",55.39,23.87,"6n","Field","N_EUR",1e-05,1e-05,1e-05,0.99992,1e-05,-1.1806023839684,-0.660139765851451,-1.38683967908086,-0.843938714341584,-1.3106620990901,0.968627719240831,0.29378368272762,0.674638606079763,-0.105918859589761,-0.526027706329761,1.27006168076455,-0.0706485508292018,-0.657553665272865,1.29370717089632,1.09312013515142
"LTKD062208","tritici","Lithuania",55.39,23.87,"6n","Field","N_EUR",1e-05,1e-05,1e-05,0.87302,0.12691,-1.1806023839684,-0.660139765851451,-1.38683967908086,-0.843938714341584,-1.3106620990901,0.968627719240831,0.29378368272762,0.674638606079763,-0.105918859589761,-0.526027706329761,1.27006168076455,-0.0706485508292018,-0.657553665272865,1.29370717089632,1.09312013515142
"LVAI062204","tritici","Latvia",56.631035,25.118399,"6n","Field","N_EUR",1e-05,1e-05,0.011711,0.900445,0.08609,-1.33158049791725,-0.767676331856542,-1.6808425511186,-0.928608683501263,-1.49977176220167,1.16389552967384,0.487057238470662,0.594707180761881,0.208724089315282,-0.105852967702681,1.4209032810619,0.0320007006450167,-0.710430482552966,1.32651152275428,1.24958975824021
"LVAI062205","tritici","Latvia",56.631035,25.118399,"6n","Field","N_EUR",1e-05,1e-05,0.001713,0.991599,0.006628,-1.33158049791725,-0.767676331856542,-1.6808425511186,-0.928608683501263,-1.49977176220167,1.16389552967384,0.487057238470662,0.594707180761881,0.208724089315282,-0.105852967702681,1.4209032810619,0.0320007006450167,-0.710430482552966,1.32651152275428,1.24958975824021
"LVAI062232","tritici","Latvia",56.631035,25.118399,"6n","Field","N_EUR",1e-05,1e-05,1e-05,0.902738,0.097192,-1.33158049791725,-0.767676331856542,-1.6808425511186,-0.928608683501263,-1.49977176220167,1.16389552967384,0.487057238470662,0.594707180761881,0.208724089315282,-0.105852967702681,1.4209032810619,0.0320007006450167,-0.710430482552966,1.32651152275428,1.24958975824021
"LVAI062233","tritici","Latvia",56.631035,25.118399,"6n","Field","N_EUR",1e-05,1e-05,0.008668,0.989972,1e-05,-1.33158049791725,-0.767676331856542,-1.6808425511186,-0.928608683501263,-1.49977176220167,1.16389552967384,0.487057238470662,0.594707180761881,0.208724089315282,-0.105852967702681,1.4209032810619,0.0320007006450167,-0.710430482552966,1.32651152275428,1.24958975824021
"LVAI062234","tritici","Latvia",56.631035,25.118399,"6n","Field","N_EUR",1e-05,1e-05,0.002618,0.997312,1e-05,-1.33158049791725,-0.767676331856542,-1.6808425511186,-0.928608683501263,-1.49977176220167,1.16389552967384,0.487057238470662,0.594707180761881,0.208724089315282,-0.105852967702681,1.4209032810619,0.0320007006450167,-0.710430482552966,1.32651152275428,1.24958975824021
"LVAI062235","tritici","Latvia",56.631035,25.118399,"6n","Field","N_EUR",0.019652,1e-05,0.000783,0.911812,0.058685,-1.33158049791725,-0.767676331856542,-1.6808425511186,-0.928608683501263,-1.49977176220167,1.16389552967384,0.487057238470662,0.594707180761881,0.208724089315282,-0.105852967702681,1.4209032810619,0.0320007006450167,-0.710430482552966,1.32651152275428,1.24958975824021
"PLBA092301","tritici","Poland",49.89493148,18.7321024145886,"6n","Field","N_EUR",1e-05,1e-05,1e-05,0.934649,0.065281,-0.68226245574234,-0.178383129985477,-0.29587859840119,-0.589928806862547,-0.853647612183392,0.623715418569446,0.124669321452458,0.594707180761881,1.0914425330011,-0.269767288815443,-0.199135506131687,-1.45931861322571,-0.690443551619339,0.856611347491706,-0.805783057673637
"PLBA092305","tritici","Poland",49.89493148,18.7321024145886,"6n","Field","N_EUR",1e-05,1e-05,1e-05,0.99992,1e-05,-0.68226245574234,-0.178383129985477,-0.29587859840119,-0.589928806862547,-0.853647612183392,0.623715418569446,0.124669321452458,0.594707180761881,1.0914425330011,-0.269767288815443,-0.199135506131687,-1.45931861322571,-0.690443551619339,0.856611347491706,-0.805783057673637
"PLBI082201","tritici","Poland",53.9872,16.0123,"6n","Field","N_EUR",1e-05,1e-05,1e-05,0.99992,1e-05,-1.06897381457418,-0.671542535277324,-1.17366552914261,-0.928608683501263,-0.885165826747527,-0.0177484633670185,-0.551788123648189,0.654655749750298,0.167917153962409,-0.307860053581085,0.0150595662905564,-0.0112540153850003,-0.849074003459644,1.0170866903644,-0.0917954571714151
"PLCZ072305","tritici","Poland",51.301894,22.255476,"6n","Field","N_EUR",1e-05,1e-05,1e-05,0.996832,0.003098,-0.802305165374576,-0.283899178843195,-0.482877607562958,-0.716933760602065,-1.07427548985909,0.82172062821413,0.172987710388219,0.55474146810294,-0.0468561900000768,-0.776516492818983,0.736082415711913,-0.601971405944186,-0.603411852364053,1.12791220339802,0.72701159957475
"PLCZ072306","tritici","Poland",51.301894,22.255476,"6n","Field","N_EUR",1e-05,1e-05,1e-05,0.999157,1e-05,-0.802305165374576,-0.283899178843195,-0.482877607562957,-0.716933760602065,-1.07427548985909,0.82172062821413,0.172987710388219,0.55474146810294,-0.0468561900000768,-0.776516492818983,0.736082415711913,-0.601971405944186,-0.603411852364053,1.12791220339802,0.72701159957475
"PLKB092305","tritici","Poland",50.97025297,16.9353795081708,"6n","Field","N_EUR",1e-05,1e-05,0.011792,0.984156,1e-05,-0.749444764287633,-0.320030991372105,-0.547423198619364,-0.505258837702868,-0.68029743208065,0.382824287941812,-0.0202858453548235,0.91443288203343,0.272082225784215,-0.925424573266492,-0.470650386666926,-0.935742871429539,-0.617579803405611,0.871683617264279,-0.495882056604588
"PLKO082237","tritici","Poland",52.0085,16.8176,"6n","Field","N_EUR",1e-05,1e-05,0.001665,0.986028,0.012247,-0.82319817147083,-0.42137677767275,-0.729501234910952,-0.674598776022225,-0.837888504901324,0.413848145674159,-0.0686042342905838,0.91443288203343,-0.172498596218131,-0.694559332262602,0.53093783930751,-0.649745271410175,-0.52523512250974,0.97718950567229,-0.0386261677723133
"PLKO082242","tritici","Poland",52.0085,16.8176,"6n","Field","N_EUR",1e-05,1e-05,1e-05,0.99992,1e-05,-0.82319817147083,-0.42137677767275,-0.729501234910952,-0.674598776022225,-0.837888504901324,0.413848145674159,-0.0686042342905838,0.91443288203343,-0.172498596218131,-0.694559332262602,0.53093783930751,-0.649745271410175,-0.52523512250974,0.97718950567229,-0.0386261677723133
"PLKO082243","tritici","Poland",52.0085,16.8176,"6n","Field","N_EUR",1e-05,1e-05,1e-05,0.985382,0.014548,-0.82319817147083,-0.42137677767275,-0.729501234910952,-0.674598776022225,-0.837888504901324,0.413848145674159,-0.0686042342905838,0.91443288203343,-0.172498596218131,-0.694559332262602,0.53093783930751,-0.649745271410175,-0.52523512250974,0.97718950567229,-0.0386261677723133
"PLNA082247","tritici","Poland",52.3199,17.1496,"6n","Field","N_EUR",1e-05,1e-05,1e-05,0.99992,1e-05,-0.869163071276863,-0.47633868804526,-0.832692380422898,-0.674598776022225,-0.853647612183392,0.439397204983151,-0.0927634287584636,0.874467169374478,-0.227265798928565,-0.784596776254119,0.742116079723807,-0.596161070955079,-0.548258042952273,0.980735922089366,0.0449255727119894
"PLNA082249","tritici","Poland",52.3199,17.1496,"6n","Field","N_EUR",1e-05,1e-05,1e-05,0.993117,1e-05,-0.869163071276863,-0.47633868804526,-0.832692380422904,-0.674598776022225,-0.853647612183392,0.439397204983151,-0.0927634287584636,0.874467169374478,-0.227265798928565,-0.784596776254119,0.742116079723807,-0.596161070955079,-0.548258042952273,0.980735922089366,0.0449255727119894
"PLRA082254","tritici","Poland",52.2289,20.6159,"6n","Field","S_EUR2",0.826209,1e-05,0.046779,0.118079,1e-05,-0.832691398489976,-0.370977034454961,-0.656020439886902,-0.716933760602065,-1.01123906073082,0.698537663688635,0.100510126984578,0.874467169374478,-0.119879126947322,-0.749966990103535,0.500769519248039,-0.594869885401944,-0.577099943286873,1.01620008626013,0.4019193729631
"PLRA082257","tritici","Poland",52.2289,20.6159,"6n","Field","N_EUR",1e-05,1e-05,1e-05,0.990846,1e-05,-0.832691398489976,-0.370977034454961,-0.656020439886901,-0.716933760602065,-1.01123906073082,0.698537663688635,0.100510126984578,0.874467169374478,-0.119879126947322,-0.749966990103535,0.500769519248039,-0.594869885401944,-0.577099943286873,1.01620008626013,0.4019193729631
"PLRA092320","tritici","Poland",52.21651391,20.6504280750113,"6n","Field","N_EUR",1e-05,1e-05,0.005202,0.865703,0.127761,-0.832691398489976,-0.370977034454961,-0.656020439886901,-0.716933760602065,-1.01123906073082,0.708574794131454,0.100510126984578,0.874467169374478,-0.120952993667134,-0.751121316308555,0.482668527212357,-0.598743442061349,-0.570521966017578,1.00733404521744,0.368498676769379
"PLRA092321","tritici","Poland",52.21651391,20.6504280750113,"6n","Field","N_EUR",0.005509,0.012415,0.002395,0.873853,0.105789,-0.832691398489976,-0.370977034454961,-0.656020439886901,-0.716933760602065,-1.01123906073082,0.708574794131454,0.100510126984578,0.874467169374478,-0.120952993667134,-0.751121316308555,0.482668527212357,-0.598743442061349,-0.570521966017578,1.00733404521744,0.368498676769379
"PLRA092322","tritici","Poland",52.2165139100872,20.6504280750113,"6n","Field","N_EUR",1e-05,1e-05,0.007636,0.839892,0.152412,-0.832691398489976,-0.370977034454961,-0.6560204398869,-0.716933760602065,-1.01123906073082,0.708574794131454,0.100510126984578,0.874467169374478,-0.120952993667134,-0.751121316308555,0.482668527212357,-0.598743442061349,-0.570521966017578,1.00733404521744,0.368498676769379
"PLSK082271","tritici","Poland",49.9321,22.8091,"6n","Field","N_EUR",1e-05,1e-05,1e-05,0.99761,1e-05,-0.690742314987354,-0.0966151529100273,-0.149948706069083,-0.547593822282707,-0.948202255875796,0.951290857566873,0.366261266131261,0.694621462409239,0.511554504302387,-0.651849262676882,-0.485734546696662,-1.14749730214365,-0.625675775429359,0.8796630542027,-0.129773521027916
"PLSK082274","tritici","Poland",49.9321,22.8091,"6n","Field","N_EUR",0.01739,1e-05,0.000678,0.977559,1e-05,-0.690742314987354,-0.0966151529100273,-0.149948706069084,-0.547593822282707,-0.948202255875796,0.951290857566873,0.366261266131261,0.694621462409239,0.511554504302387,-0.651849262676882,-0.485734546696662,-1.14749730214365,-0.625675775429359,0.8796630542027,-0.129773521027916
"PLSK082276","tritici","Poland",49.9321,22.8091,"6n","Field","N_EUR",1e-05,1e-05,1e-05,0.995857,1e-05,-0.690742314987354,-0.0966151529100273,-0.149948706069083,-0.547593822282707,-0.948202255875796,0.951290857566873,0.366261266131261,0.694621462409239,0.511554504302387,-0.651849262676882,-0.485734546696662,-1.14749730214365,-0.625675775429359,0.8796630542027,-0.129773521027916
"PLSK092301","tritici","Poland",49.9341297003914,22.818170696565,"6n","Field","N_EUR",1e-05,1e-05,1e-05,0.963921,0.035571,-0.690742314987354,-0.0966151529100273,-0.149948706069083,-0.547593822282707,-0.932443148593729,0.951290857566873,0.366261266131261,0.674638606079763,0.497594236944826,-0.657620893701979,-0.461599890649085,-1.13845900327171,-0.624157780674906,0.8796630542027,-0.129773521027916
"PLSK092305","tritici","Poland",49.9341297,22.818170696565,"6n","Field","N_EUR",1e-05,1e-05,0.005774,0.994156,1e-05,-0.690742314987354,-0.0966151529100276,-0.149948706069083,-0.547593822282707,-0.932443148593729,0.951290857566873,0.366261266131261,0.674638606079763,0.497594236944826,-0.657620893701979,-0.461599890649085,-1.13845900327171,-0.624157780674906,0.8796630542027,-0.129773521027916
"PLSM082283","tritici","Poland",51.6987,17.1794,"6n","Field","N_EUR",1e-05,1e-05,0.010986,0.948785,0.034116,-0.784379738817529,-0.376566545883511,-0.687736050801208,-0.589928806862547,-0.822129397619257,0.506919718871199,0.0280325435809377,0.934415738362894,0.0680475490198535,-0.749966990103535,0.419315055087467,-0.740128260129612,-0.527259115515677,0.93374590456311,-0.211806138957959
"PLSM082285","tritici","Poland",51.6987,17.1794,"6n","Field","N_EUR",1e-05,1e-05,1e-05,0.99992,1e-05,-0.784379738817529,-0.376566545883511,-0.687736050801208,-0.589928806862547,-0.822129397619257,0.506919718871199,0.0280325435809377,0.934415738362894,0.0680475490198535,-0.749966990103535,0.419315055087467,-0.740128260129612,-0.527259115515677,0.93374590456311,-0.211806138957959
"PLSM082286","tritici","Poland",51.6987,17.1794,"6n","Field","N_EUR",1e-05,1e-05,1e-05,0.99992,1e-05,-0.784379738817529,-0.376566545883511,-0.687736050801208,-0.589928806862547,-0.822129397619257,0.506919718871199,0.0280325435809377,0.934415738362894,0.0680475490198535,-0.749966990103535,0.419315055087467,-0.740128260129612,-0.527259115515677,0.93374590456311,-0.211806138957959
"PLSM092311","tritici","Poland",51.70576312,17.1658711553491,"6n","Field","N_EUR",1e-05,1e-05,0.011886,0.97016,1e-05,-0.784379738817529,-0.376566545883511,-0.687736050801208,-0.589928806862547,-0.806370290337189,0.498707521236167,0.0038733491130571,0.934415738362894,0.0905987501359145,-0.732652097028244,0.452500207152886,-0.734317925140507,-0.530295105024583,0.952364590752758,-0.144964746570516
"ROGT052201","tritici","Romania",45.9407,20.6845,"6n","Field","N_EUR",1e-05,1e-05,0.006798,0.81134,0.181802,-0.438237786829651,0.333240673156557,0.815982067184069,0.0874309464148855,-0.491187768969085,1.27430396454484,0.921922738892507,1.27412429596391,-0.30887966963431,-0.620682455141357,0.733065583705966,-0.0448248397665056,0.144706562455372,0.262586597631475,0.745241070225871
"ROGT052209","tritici","Romania",45.9407,20.6845,"6n","Field","N_EUR",1e-05,1e-05,0.022078,0.795676,0.182186,-0.438237786829651,0.333240673156557,0.815982067184069,0.0874309464148855,-0.491187768969085,1.27430396454484,0.921922738892507,1.27412429596391,-0.30887966963431,-0.620682455141357,0.733065583705966,-0.0448248397665056,0.144706562455372,0.262586597631475,0.745241070225871
"ROLV052202","tritici","Romania",45.96114,20.76975,"6n","Field","N_EUR",0.031731,0.00048,0.007734,0.747443,0.098987,-0.438237786829651,0.33324067315656,0.815982067184069,0.0874309464148855,-0.491187768969085,1.26882916612148,0.897763544424626,1.27412429596391,-0.306731936194685,-0.61260217170622,0.693846767628653,-0.0525719530853149,0.134080599174203,0.266133014048551,0.731568967237531
"ROLV052206","tritici","Romania",45.96114,20.76975,"6n","Field","N_EUR",0.059702,1e-05,0.026647,0.66836,0.245241,-0.43823778682965,0.33324067315656,0.815982067184069,0.0874309464148855,-0.491187768969085,1.26882916612148,0.897763544424626,1.27412429596391,-0.306731936194685,-0.61260217170622,0.693846767628653,-0.0525719530853149,0.134080599174203,0.266133014048551,0.731568967237531
"ROLV052209","tritici","Romania",45.96114,20.76975,"6n","Field","N_EUR",1e-05,1e-05,1e-05,0.983698,0.009582,-0.43823778682965,0.33324067315656,0.815982067184069,0.0874309464148855,-0.491187768969085,1.26882916612148,0.897763544424626,1.27412429596391,-0.306731936194685,-0.61260217170622,0.693846767628653,-0.0525719530853149,0.134080599174203,0.266133014048551,0.731568967237531
"SEAB072243","tritici","Sweden",58.241124,14.713719,"6n","Field","N_EUR",0.001373,0.009942,0.009692,0.978944,1e-05,-1.3272746506382,-0.951977448543073,-1.7343238687258,-1.90231332883757,-2.24045036804897,0.105434501158476,-0.745061679391231,0.434844330126107,0.0583827485415416,-0.590669973810851,1.05888344034825,0.588501674046131,-0.894613846093224,1.07826237355896,0.260640975416916
"SEAB072246","tritici","Sweden",58.241124,14.713719,"6n","Field","N_EUR",1e-05,1e-05,1e-05,0.99992,1e-05,-1.3272746506382,-0.951977448543073,-1.7343238687258,-1.90231332883757,-2.24045036804897,0.105434501158476,-0.745061679391231,0.434844330126107,0.0583827485415416,-0.590669973810851,1.05888344034825,0.588501674046131,-0.894613846093224,1.07826237355896,0.260640975416916
"TRSA062307","tritici","Turkey",40.73,30.37,"6n","Field","TUR",0.021551,0.037476,0.03085,0.125642,0.782478,0.376420065087915,1.90448034970695,-0.742438081093026,0.214435900154404,0.328286561151933,0.0388244536743202,0.0280325435809377,-1.22373274522003,0.414906499519269,1.04154728008666,-1.33648117237374,0.194690080340005,-0.390639587614937,0.368979090143755,0.843984036252774
"TRSA062309","tritici","Turkey",40.73,30.37,"6n","Field","TUR",0.072938,1e-05,0.018453,0.201047,0.701197,0.376420065087915,1.90448034970695,-0.742438081093026,0.214435900154404,0.328286561151933,0.0388244536743202,0.0280325435809377,-1.22373274522003,0.414906499519269,1.04154728008666,-1.33648117237374,0.194690080340005,-0.390639587614937,0.368979090143755,0.843984036252774
"TRSA062310","tritici","Turkey",40.73,30.37,"6n","Field","TUR",0.011522,0.006066,0.078267,0.159954,0.744151,0.376420065087916,1.90448034970695,-0.742438081093026,0.214435900154404,0.328286561151933,0.0388244536743202,0.0280325435809377,-1.22373274522003,0.414906499519269,1.04154728008666,-1.33648117237374,0.194690080340005,-0.390639587614937,0.368979090143755,0.843984036252774
"UKCA042302","tritici","United Kingdom",52.241737,0.094761,"6n","Field","N_EUR",1e-05,1e-05,1e-05,0.99992,1e-05,-0.825523605816172,-0.588733073963403,-0.895694408743152,-0.801603729761744,0.375563882998136,-1.76420916041736,-1.71142945810644,0.135101485184034,-0.551573548311919,-0.347107144551746,-0.437465234601508,-1.02483467459584,-1.08765217903446,1.00024121238328,-1.79625096305119
"UKCA042310","tritici","United Kingdom",52.241737,0.094761,"6n","Field","N_EUR",1e-05,1e-05,1e-05,0.99992,1e-05,-0.825523605816172,-0.588733073963403,-0.895694408743152,-0.801603729761744,0.375563882998136,-1.76420916041736,-1.71142945810644,0.135101485184034,-0.551573548311919,-0.347107144551746,-0.437465234601508,-1.02483467459584,-1.08765217903446,1.00024121238328,-1.79625096305119
"UKCA042316","tritici","United Kingdom",52.088238,0.177811,"6n","Field","N_EUR",1e-05,1e-05,1e-05,0.99992,1e-05,-0.825523605816172,-0.588733073963403,-0.895694408743152,-0.801603729761744,0.375563882998136,-1.76329669401347,-1.73558865257432,-1.18376703256108,-0.579494083027043,-0.29631679153089,-0.340926610411201,-0.922185423121623,-1.09498915368098,0.96921006873387,-1.72485220300097
"UKCA042327","tritici","United Kingdom",52.088238,0.177811,"6n","Field","N_EUR",1e-05,1e-05,1e-05,0.99992,1e-05,-0.825523605816173,-0.588733073963403,-0.895694408743152,-0.801603729761744,0.375563882998136,-1.76329669401347,-1.73558865257432,-1.18376703256108,-0.579494083027043,-0.29631679153089,-0.340926610411201,-0.922185423121623,-1.09498915368098,0.96921006873387,-1.72485220300097
"UKCA092201","tritici","United Kingdom",52.2427,0.0953,"6n","Field","N_EUR",1e-05,1e-05,1e-05,0.99992,1e-05,-0.825523605816173,-0.588733073963403,-0.895694408743152,-0.801603729761744,0.375563882998136,-1.76420916041736,-1.71142945810644,0.135101485184034,-0.551573548311919,-0.347107144551746,-0.437465234601508,-1.02483467459584,-1.08765217903446,1.00024121238328,-1.79625096305119
"UKCA092202","tritici","United Kingdom",52.2427,0.0953,"6n","Field","N_EUR",1e-05,1e-05,1e-05,0.99992,1e-05,-0.825523605816173,-0.588733073963403,-0.895694408743152,-0.801603729761744,0.375563882998136,-1.76420916041736,-1.71142945810644,0.135101485184034,-0.551573548311919,-0.347107144551746,-0.437465234601508,-1.02483467459584,-1.08765217903446,1.00024121238328,-1.79625096305119
"UKCA092203","tritici","United Kingdom",52.2427,0.0953,"6n","Field","N_EUR",1e-05,1e-05,1e-05,0.99992,1e-05,-0.825523605816173,-0.588733073963403,-0.895694408743152,-0.801603729761744,0.375563882998136,-1.76420916041736,-1.71142945810644,0.135101485184034,-0.551573548311919,-0.347107144551746,-0.437465234601508,-1.02483467459584,-1.08765217903446,1.00024121238328,-1.79625096305119
"UKCA092204","tritici","United Kingdom",52.2427,0.0953,"6n","Field","N_EUR",1e-05,1e-05,1e-05,0.99992,1e-05,-0.825523605816173,-0.588733073963403,-0.895694408743152,-0.801603729761744,0.375563882998136,-1.76420916041736,-1.71142945810644,0.135101485184034,-0.551573548311919,-0.347107144551746,-0.437465234601508,-1.02483467459584,-1.08765217903446,1.00024121238328,-1.79625096305119
"UKCA092205","tritici","United Kingdom",52.2427,0.0953,"6n","Field","N_EUR",1e-05,1e-05,1e-05,0.999912,1.8e-05,-0.825523605816173,-0.588733073963403,-0.895694408743152,-0.801603729761744,0.375563882998136,-1.76420916041736,-1.71142945810644,0.135101485184034,-0.551573548311919,-0.347107144551746,-0.437465234601508,-1.02483467459584,-1.08765217903446,1.00024121238328,-1.79625096305119
